Map_Name,Map_Text
Bills_Utilities_Credit Card Payment ,Credit Card Payment
Bills_Utilities_Credit Card Payment ,Credit Card Payment
Bills_Utilities_Credit Card Payment ,Credit Card Payment
Home_Home Improvement,Draft 7256 Garage Doors
Bills_Utilities_Credit Card Payment , Credit Card Payment
Bills_Utilities_Credit Card Payment , Credit Card Payment
Taxes_Property , Tax Data City of Royaloak Electronic Ro
Bills_Utilities_Credit Card Payment , Capital One Credit Card Payment
Bills_Utilities_Credit Card Payment , Credit Card Payment
Bills_Utilities_Credit Card Payment , Credit Card Payment
Bills_Utilities_Credit Card Payment , Credit Card Payment
Bills_Utilities_Credit Card Payment , Capital One Credit Card
Bills_Utilities_Credit Card Payment , Capital One Credit Card Payment
Home_Home Improvement , Draft 7254 All Star Garage Doors
Bills_Utilities_Credit Card Payment , Capital One Credit Card Payment
Bills_Utilities_Credit Card Payment , Capital One Credit Card Payment
Bills_Utilities_Credit Card Payment , Chase Credit Card
Travel_Hotel , AIRBNB  HMXF49YFHP     AIRBNB.CO
Bills_Utilities_Credit Card Payment , Capital One Credit Card
Travel_Hotel , AIRBNB  HMXF49YFHP     AIRBNB.CO
Bills_Utilities_Credit Card Payment , Chase Credit Card
Home_Home Repairs , ACE HANDYMAN SERVICES
Bills_Utilities_Credit Card Payment , Capital One Credit Card
Bills_Utilities_Credit Card Payment , Chase Credit Card
Bills_Utilities_Credit Card Payment , Chase Credit Card
Bills_Utilities_Credit Card Payment , Capital One Credit Card
Entertainment_Hobbies Andy , Transfer to Andrew J Lenhart
Bills_Utilities_Credit Card Payment , Chase Credit Card
Bills_Utilities_Credit Card Payment , Chase Credit Card
Auto_Transport_Auto Insurance , AAA INSURANCE ECOM
Bills_Utilities_Credit Card Payment , Chase Credit Card
Pets_Vet , HILTON VETERINARY CLIN FERNDALE
Travel_Hotel , THE LANDMARK INN       MARQUETTE
Health_Fitness_Health Insurance , Medical Insurance Premium
Health_Fitness_Health Insurance , Medical Insurance Premium
Health_Fitness_Health Insurance , Medical Insurance Premium
Auto_Transport_Auto Insurance , AAA INSURANCE ECOM
Bills_Utilities_Credit Card Payment , Chase Credit Card
Tax_Fed , Federal Tax Withholding
Tax_Fed , Federal Tax Withholding
Tax_Fed , Federal Tax Withholding
Tax_Fed , Federal Tax Withholding
Tax_Fed , Federal Tax Withholding
Tax_Fed , Federal Tax Withholding
Tax_Fed , Federal Tax Withholding
Tax_Fed , Federal Tax Withholding
Tax_Fed , Federal Tax Withholding
Tax_Fed , Federal Tax Withholding
Tax_Fed , Federal Tax Withholding
Tax_Fed , Federal Tax Withholding
Travel_Hotel , THE SIREN HOTEL        DETROIT
Pets_Pet Boarding , THE BARKSHIRE          248-792-9
Pets_Pet Boarding , THE BARKSHIRE          248-792-9
Health_Fitness_Health Insurance , CMS MEDICARE INSURANCE
Entertainment_Hobbies Andy , PAYPAL *AUTODESK
Tax_Fed , Federal Tax Withholding
Tax_Fed , Federal Tax Withholding
Tax_Fed , Federal Tax Withholding
Tax_Fed , Federal Tax Withholding
Tax_Fed , Federal Tax Withholding
Tax_Fed , Federal Tax Withholding
Tax_Fed , Federal Tax Withholding
Tax_Fed , Federal Tax Withholding
Tax_Fed , Federal Tax Withholding
Tax_Fed , Federal Tax Withholding
Tax_Fed , Federal Tax Withholding
Tax_Fed , Federal Tax Withholding
Entertainment_Newspaper_Magazines , D J*WALL-ST-JOURNAL
Travel_Hotel , AIRBNB  HMKP9232RD     AIRBNB.CO
Travel_Hotel , HOLIDAY INN EXP & SUIT 765573665
Pets_Pet Boarding , THE BARKSHIRE          248-792-9
Tax_Fed , Federal Tax Withholding
Tax_Fed , Federal Tax Withholding
Tax_Fed , Federal Tax Withholding
Tax_Fed , Federal Tax Withholding
Tax_Fed , Federal Tax Withholding
Tax_Fed , Federal Tax Withholding
Tax_Fed , Federal Tax Withholding
Tax_Fed , Federal Tax Withholding
Tax_Fed , Federal Tax Withholding
Tax_Fed , Federal Tax Withholding
Tax_Fed , Federal Tax Withholding
Tax_Fed , Federal Tax Withholding
Fees_Charges_Bank Fee , BLUMARK TAX ADVISORS
Gifts_Donations_Gift , FUEGO GRILLS           HTTPSWWW.
Health_Fitness_Pharmacy , CVS/PHARMACY #08068
Home_Home Repairs , DOCS APPLIANCE SERVICE 586-726-9
Travel_Misc , Away                   New York
Travel_Vacation Food , ARTISANTRAVERSECITY    TRAVERSEC
Home_Home Repairs , GREAT LAKES ACE HDWE
Gifts_Donations_Special Occasion Meals , CLAWSON STEAK HOUSE    CLAWSON
Travel_Hotel , SQ *NANCY'S NORTHERN L gosq.com
Health_Fitness_Pharmacy , WALGREENS #5426
Travel_Hotel , AIRBNB  HMJ3FJBT8X     AIRBNB.CO
Bills_Utilities_Mobile Phone , PAYMENTS ID: 7223344794CO: VERIZON WIRELESSEntry Class Code:  Trace Number: 021000023041256 VERIZON 
Entertainment_Newspaper_Magazines , NYTIMES
Health_Fitness_Health Insurance , Medical Insurance Premium
Health_Fitness_Health Insurance , Medical Insurance Premium
Health_Fitness_Health Insurance , Medical Insurance Premium
Health_Fitness_Health Insurance , Medical Insurance Premium
Health_Fitness_Health Insurance , Medical Insurance Premium
Health_Fitness_Health Insurance , Medical Insurance Premium
Health_Fitness_Health Insurance , Medical Insurance Premium
Health_Fitness_Health Insurance , Medical Insurance Premium
Health_Fitness_Health Insurance , Medical Insurance Premium
Pets_Pet Food_Supplies , CHEWY.COM              800-672-4
Travel_Hotel , BELLA VISTA MOTEL      906-28942
Food_Dining_Groceries , HOLIDAY MARKET         ROYAL OAK
Entertainment_Newspaper_Magazines , NYTIMES
Entertainment_Newspaper_Magazines , NYTIMES
Travel_Other Transportation , FH* SS BADGER          WWW.SSBAD
Food_Dining_Restaurants , MOTOR CITY AUTO SPA
Home_Office , SYNERGIES TECH
Bills_Utilities_Electric , DTE Energy
Travel_Hotel , AIRBNB  HMJ3FJBT8X     AIRBNB.CO
Bills_Utilities_Natural Gas , Consumers Energy
Gifts_Donations_Gift , IKEA CANTON            CANTON
Misc._Reimbursed Expense , Amazon.com*TK0OP3N80
Health_Fitness_Durable Medical , THE DME SOURCE         BINGHAM F
Entertainment_Amusement , WAYNE STATE UNIV THEAT 313-577-2
Financial_Long Term Care Insurance , MetLife Insurance
Gifts_Donations_Gift , Draft 7335 Beth Christmas Gift
Gifts_Donations_Gift , Draft 7333 Anna Christmas Gift
Food_Dining_Groceries , HOLIDAY MARKET         ROYAL OAK
Entertainment_Music , AXS.COMMASONIC DETROIT 888-929-7
Pets_Pet Food_Supplies , CHEWY.COM              800-672-4
Food_Dining_Groceries , HOLIDAY MARKET         ROYAL OAK
Food_Dining_Restaurants , D'AMATO'S
Bills_Utilities_Mobile Phone , PAYMENTS ID: 7223344794CO: VERIZON WIRELESSEntry Class Code:  Trace Number: 021000023337360 VERIZON 
Entertainment_Amusement , DETROIT ZOO-GUEST RELA ROYAL OAK
Bills_Utilities_Electric , DTE Energy
Auto_Transport_Service_Parts , VILLAGE JEEP           ROYAL OAK
Shopping_Clothing , J Jill
Shopping_Clothing , PAYPAL *EDDIE BAUER
Food_Dining_Restaurants , TST* BEPPE
Bills_Utilities_Electric , DTE Energy
Bills_Utilities_Water , Bill Paid City of Royal Oak Conf
Entertainment_Amusement , The Henry Ford
Food_Dining_Restaurants , TST* WRIGHT & CO       Detroit
Bills_Utilities_Electric , DTE Energy
Shopping_Clothing , EDDIEBAUER ECOMMERCE   425-755-6
Bills_Utilities_Natural Gas , Consumers Energy
Entertainment_Newspaper_Magazines , THE ECONOMIST          442-075-7
Bills_Utilities_Natural Gas , Consumers Energy
Food_Dining_Groceries , HOLIDAY MARKET         ROYAL OAK
Health_Fitness_Pharmacy , WALGREENS #5426
Transfer , To Lenhart Andrew J Sharetransfer Andy for Virtual S Time No Description
Entertainment_Hobbies Andy , To Lenhart Andrew J Sharetransfer Andy for Virtual S No Description
Entertainment_Hobbies Andy , To Lenhart Andrew J Sharetransfer Andy for Virtual S No Description
Misc._Reimbursed Expense , To Lenhart Andrew J Sharetransfer Andy for Virtual S No Description
Misc._Reimbursed Expense , To Lenhart Andrew J Sharetransfer Andy for Virtual S No Description
Misc._Reimbursed Expense , To Lenhart Andrew J Sharetransfer Andy for Virtual S No Description
Misc._Reimbursed Expense , To Lenhart Andrew J Sharetransfer Andy for Virtual S No Description
Misc._Reimbursed Expense , To Lenhart Andrew J Sharetransfer Andy for Virtual S Transfer
Personal Care_Misc , ULTA.COM               866-858-2
Bills_Utilities_Mobile Phone , PAYMENTS ID: 7223344794CO: VERIZON WIRELESSEntry Class Code:  Trace Number: 021000023839892 VERIZON 
Miscellaneous_Cash , ATM Withdrawal
Gifts_Donations_Gift , Draft 7262 Gift to Katie Wing
Miscellaneous_Cash , ATM Withdrawal
Cash_ATM , Withdrawal
Food_Dining_Restaurants , KRUSE & MUER ON WOODWA ROYAL OAK
Bills_Utilities_Electric , DTE Energy
Bills_Utilities_Mobile Phone , PAYMENTS ID: 7223344794CO: VERIZON WIRELESSEntry Class Code:  Trace Number: 021000028510412 Withdraw
Bills_Utilities_Natural Gas , Consumers Energy
Bills_Utilities_Mobile Phone , PAYMENTS ID: 7223344794CO: VERIZON WIRELESSEntry Class Code:  Trace Number: 021000022344822 Withdraw
Food_Dining_Groceries , HOLIDAY MARKET
Health_Fitness_Durable Medical , MEIJER # 034           ROYAL OAK
Shopping_Clothing , LLBEAN-DIRECT          207-86547
Pets_Pet Food_Supplies , CHEWY.COM              800-672-4
Food_Dining_Groceries , HOLIDAY MARKET         ROYAL OAK
Auto_Transport_Registration , SEC OF STATE ESERVICES
Home_Lawn_Garden , GARDENER'S SUPPLY      800876552
Health_Fitness_Doctor , Bill Paid Norton Klein Hug and Conf
Food_Dining_Groceries , HOLIDAY MARKET         ROYAL OAK
Food_Dining_Groceries , MEIJER # 271           SOUTH HAV
Travel_Vacation Food , HARBOR HAUS RESTAURANT
Health_Fitness_Pharmacy , WALGREENS #5426
Gifts_Donations_Political , ACI*BLUE CROSS OF MICHIGA
Health_Fitness_Health Insurance , ACI*BLUE CROSS OF MICHIGA
Health_Fitness_Health Insurance , ACI*BLUE CROSS OF MICHIGA
Health_Fitness_Health Insurance , ACI*BLUE CROSS OF MICHIGA
Health_Fitness_Health Insurance , ACI*BLUE CROSS OF MICHIGA
Health_Fitness_Health Insurance , ACI*BLUE CROSS OF MICHIGA
Bills_Utilities_Electric , DTE Energy
Pets_Pet Boarding , THE BARKSHIRE          248-792-9
Gifts_Donations_Gift , FAIRFIELD INN & SUITES MIDLAND
Food_Dining_Groceries , HOLIDAY MARKET         ROYAL OAK
Personal Care_Misc , ULTA.COM               866-858-2
Pets_Pet Boarding , THE BARKSHIRE          248-792-9
Shopping_Clothing , EDDIEBAUER ECOMMERCE   425-755-6
Entertainment_Hobbies Andy , To NELSONCATHERINE  ShareThe Economist Class Action Settlement Withdrawal Transfer
Food_Dining_Restaurants , PASTAIO                248-56587
Gifts_Donations_Gift , KATZS DELICATESSEN     212-25422
Personal Care_Misc , ULTA.COM               866-858-2
Bills_Utilities_Electric , DTE Energy
Bills_Utilities_Mobile Phone , PAYMENTS ID: 7223344794CO: VERIZON WIRELESSEntry Class Code:  Trace Number: 021000024192030 Withdraw
Bills_Utilities_Mobile Phone , PAYMENTS ID: 7223344794CO: VERIZON WIRELESSEntry Class Code:  Trace Number: 021000028347056 Withdraw
Bills_Utilities_Mobile Phone , PAYMENTS ID: 7223344794CO: VERIZON WIRELESSEntry Class Code:  Trace Number: 021000026859902 Withdraw
Health_Fitness_Pharmacy , WALGREENS #5426
Bills_Utilities_Electric , DTE Energy
Home_Lawn_Garden , Bill Paid Criger Landscape Conf
Home_Lawn_Garden , Bill Paid Criger Landscape Conf
Bills_Utilities_Natural Gas , Consumers Energy
Shopping_Clothing , SP OOFOS               OOFOS.MYS
Entertainment_Amusement , TEDXDETROIT            TEDXDETRO
Gifts_Donations_Gift , FAIRFIELD INN & SUITES MIDLAND
Food_Dining_Groceries , HOLIDAY MARKET         ROYAL OAK
Pets_Pet Food_Supplies , CHEWY.COM              800-672-4
Pets_Pet Food_Supplies , CHEWY.COM              800-672-4
Food_Dining_Groceries , SP THE PEACH TRUCK     THEPEACHT
Pets_Pet Boarding , THE BARKSHIRE          248-792-9
Pets_Pet Boarding , THE BARKSHIRE          248-792-9
Travel_Hotel , TOWNEPLACE SUITES      IRON MOUN
Home_Home Supplies , THE PAMPERED CHEF LTD  888-687-2
Home_Lawn_Garden , Bill Paid Criger Landscape Conf
Personal Care_Hair , PP*Diana Kim Hair Arti FERNDALE
Personal Care_Hair , PP*Diana Kim Hair Arti FERNDALE
Personal Care_Hair , PP*Diana Kim Hair Arti FERNDALE
Personal Care_Hair , PP*Diana Kim Hair Arti FERNDALE
Health_Fitness_Pharmacy , WALGREENS #5426
Personal Care_Misc , ULTA.COM               866-858-2
Misc._Reimbursed Expense , Amazon Prime*7Z0FL1583
Home_Cleaning , Draft 7336 Molly Maid
Home_Cleaning , Molly Maids
Home_Cleaning , Draft 7253 Molly Maids
Home_Cleaning , Draft 7339 Molly Maids
Home_Cleaning , Draft 7340 Molly Maids
Home_Cleaning , Draft 7264 Molly Maids
Home_Cleaning , Draft 7255 Molly Maids
Home_Cleaning , Draft 7266 Molly Maid
Home_Cleaning , Draft 7267 Molly Maids
Health_Fitness_Pharmacy , WALGREENS #5426
Food_Dining_Restaurants , TST* BEPPE             Royal Oak
Tax_State , State Tax Withholding
Tax_State , State Tax Withholding
Tax_State , State Tax Withholding
Tax_State , State Tax Withholding
Tax_State , State Tax Withholding
Tax_State , State Tax Withholding
Tax_State , State Tax Withholding
Tax_State , State Tax Withholding
Tax_State , State Tax Withholding
Tax_State , State Tax Withholding
Food_Dining_Groceries , HOLIDAY MARKET         ROYAL OAK
Shopping_Clothing , VIONIC SHOES           800-832-9
Food_Dining_Groceries , HOLIDAY MARKET
Health_Fitness_Pharmacy , CVS/PHARMACY #08127    ROYAL OAK
Auto_Transport_Auto Insurance , AAA ACG NE0069 EFT RCC 800-222-1
Food_Dining_Groceries , HOLIDAY MARKET         ROYAL OAK
Food_Dining_Groceries , HOLIDAY MARKET
Home_Lawn_Garden , UPCYCLE PRODUCTS  INC.
Food_Dining_Groceries , HOLIDAY MARKET
Tax_State , State Tax Withholding
Tax_State , State Tax Withholding
Tax_State , State Tax Withholding
Health_Fitness_Pharmacy , CVS/PHARMACY #08127    ROYAL OAK
Tax_State , State Tax Withholding
Tax_State , State Tax Withholding
Tax_State , State Tax Withholding
Tax_State , State Tax Withholding
Tax_State , State Tax Withholding
Tax_State , State Tax Withholding
Tax_State , State Tax Withholding
Tax_State , State Tax Withholding
Tax_State , State Tax Withholding
Travel_Sightseeing , THE IDLE RIVERBOAT     SOUTH HAV
Tax_State , State Tax Withholding
Tax_State , State Tax Withholding
Food_Dining_Restaurants , TRATTORIA PIZZERIA DA
Personal Care_Misc , ULTA.COM               866-858-2
Tax_State , State Tax Withholding
Tax_State , State Tax Withholding
Tax_State , State Tax Withholding
Tax_State , State Tax Withholding
Tax_State , State Tax Withholding
Tax_State , State Tax Withholding
Tax_State , State Tax Withholding
Tax_State , State Tax Withholding
Tax_State , State Tax Withholding
Tax_State , State Tax Withholding
Tax_State , State Tax Withholding
Tax_State , State Tax Withholding
Health_Fitness_Doctor , Midwest Cntr For Derm
Health_Fitness_Doctor , Bill Paid Midwest Center for D Conf
Home_Lawn_Garden , ENGLISH GARDENS        ROYAL OAK
Home_Lawn_Garden , RAY WIEGANDS NURSERY   MACOMB
Home_Home Supplies , SP BLUELAND            HTTPSBLUE
Entertainment_Hobbies Andy , Privacycom ID: 626060084CO: PwP BLYNK IOT NAME: 844 7718229 Number: 021115082232826 PwP  BLYNK IOT
Misc._Reimbursed Expense , Amazon.com*RH6EM1DG1
Home_Lawn_Garden , Bill Paid Criger Landscape Conf
Home_Lawn_Garden , Bill Paid Criger Landscape Conf
Personal Care_Misc , SP SFUMATO FRAGRANCE   HTTPSSFUM
Personal Care_Misc , ULTA.COM               866-858-2
Shopping_Clothing , PAYPAL *OOFOS LLC
Food_Dining_Groceries , MEIJER # 271           SOUTH HAV
Food_Dining_Restaurants , VICENTE S CUBAN CUISIN
Pets_Pet Food_Supplies , CHEWY.COM              800-672-4
Education_Continued Learning , SOAR                   248-62602
Health_Fitness_Eyecare , VISIONWORKS 1423
Food_Dining_Restaurants , TST*JIM BRADYS - ROYAL
Home_Home Improvement , Rockler Woodworking an
Food_Dining_Restaurants , CAFE DE OLLA           ROYAL OAK
Food_Dining_Groceries , HOLIDAY MARKET
Tax_State , State Tax Withholding
Tax_State , State Tax Withholding
Tax_State , State Tax Withholding
Tax_State , State Tax Withholding
Tax_State , State Tax Withholding
Tax_State , State Tax Withholding
Tax_State , State Tax Withholding
Tax_State , State Tax Withholding
Tax_State , State Tax Withholding
Tax_State , State Tax Withholding
Tax_State , State Tax Withholding
Tax_State , State Tax Withholding
Home_Home Repairs , Lowes
Food_Dining_Groceries , HOLIDAY MARKET
Travel_Sightseeing , MI MARITIME MUSEUM     WWW.MICHI
Pets_Pet Food_Supplies , CHEWY.COM              800-672-4
Health_Fitness_Doctor , MED*BEAUMONT URGENT CA 888-452-9
Personal Care_Misc , ULTA.COM               866-983-8
Food_Dining_Groceries , HOLIDAY MARKET
Gifts_Donations_Gift , SQ *LA ROCHE GIFTS
Food_Dining_Restaurants , KRUSE & MUER ON WOODWA ROYAL OAK
Food_Dining_Groceries , HOLIDAY MARKET
Food_Dining_Restaurants , KRUSE & MUER ON WOODWA ROYAL OAK
Misc._Reimbursed Expense , AMAZON MKTPL*RJ7KZ7GO1
Food_Dining_Restaurants , LILYS SEAFOOD GRILL &
Food_Dining_Groceries , THE REPUBLIC OF TEA I 415-475517
Food_Dining_Restaurants , LILYS SEAFOOD GRILL &
Gifts_Donations_Gift , TLF*BLOSSOMS           BIRMINGHA
Pets_Pet Food_Supplies , CHEWY.COM              800-672-4
Shopping_Clothing , PAYPAL *DULUTHTRADI
Home_Home Insurance Sewer , SERVICELINE WARRANTIES 844-870-9
Travel_Hotel , STEARNS2318433407      185-83455
Shopping_Clothing , PAYPAL *DULUTHTRADI
Pets_Pet Food_Supplies , CHEWY.COM              800-672-4
Food_Dining_Groceries , HOLIDAY MARKET
Food_Dining_Groceries , HOLIDAY MARKET         ROYAL OAK
Food_Dining_Restaurants , OAK CITY GRILLE        ROYAL OAK
Shopping_Electronics_Software , PAYPAL *MICROSOFT
Food_Dining_Groceries , HOLIDAY MARKET         ROYAL OAK
Home_Home Repairs , Lowes
Food_Dining_Groceries , HOLIDAY MARKET
Food_Dining_Groceries , HOLIDAY MARKET
Gifts_Donations_Gift , WWW.WOPET.COM          MONGKOK
Food_Dining_Groceries , HOLIDAY MARKET         ROYAL OAK
Food_Dining_Groceries , HOLIDAY MARKET         ROYAL OAK
Gifts_Donations_Charity , Bill Paid Christ the King Pari Conf
Gifts_Donations_Charity , Bill Paid Christ the King Pari Conf
Gifts_Donations_Charity , Bill Paid Christ the King Pari Conf
Gifts_Donations_Charity , Bill Paid Christ the King Pari Conf
Gifts_Donations_Charity , Bill Paid Christ the King Pari Conf
Gifts_Donations_Charity , Bill Paid Christ the King Pari Conf
Gifts_Donations_Gift , Draft 7338 Ben Blostien Memorial
Gifts_Donations_Charity , Bill Paid Christ the King Pari Conf
Gifts_Donations_Political , ACTBLUE* HARRIS.VICTOR HTTPSSECU
Gifts_Donations_Political , ACTBLUE_DONATETODEMS   HTTPSSECU
Gifts_Donations_Political , ACTBLUE* DCCC-HOUSEDEM HTTPSSECU
Gifts_Donations_Charity , Bill Paid Christ the King Pari Conf
Health_Fitness_Doctor , MED*WILLIAM BEAUMONT H SOUTHFIEL
Home_Home Repairs , ACE HANDYMAN SERVICES
Bills_Utilities_Cable , VS *WOW!
Bills_Utilities_Cable , VS *WOW!
Gifts_Donations_Gift , SP SAXELBY CHEESE      HTTPSSAXE
Home_Lawn_Garden , GARDENER'S SUPPLY      800876552
Food_Dining_Restaurants , KRUSE & MUER ON WOODWA ROYAL OAK
Food_Dining_Groceries , HOLIDAY MARKET         ROYAL OAK
Food_Dining_Groceries , HOLIDAY MARKET         ROYAL OAK
Food_Dining_Groceries , SHADY LANE CELLARS - E
Food_Dining_Groceries , HOLIDAY MARKET         ROYAL OAK
Food_Dining_Groceries , HOLIDAY MARKET
Food_Dining_Groceries , HOLIDAY MARKET
Travel_Vacation Food , TST* MAMA LUS
Personal Care_Misc , SP SFUMATO FRAGRANCE   HTTPSSFUM
Personal Care_Misc , SP SFUMATO FRAGRANCE   HTTPSSFUM
Food_Dining_Groceries , HOLIDAY MARKET
Travel_Vacation Food , SQ *SPARKS BBQ
Home_Lawn_Garden , RAY WIEGANDS NURSERY   MACOMB
Food_Dining_Restaurants , DD DOORDASH CHINA1
Bills_Utilities_Cable , VS *WOW!
Bills_Utilities_Cable , VS *WOW!
Bills_Utilities_Cable , VS *WOW!
Bills_Utilities_Cable , VS *WOW!
Bills_Utilities_Cable , VS *WOW!
Bills_Utilities_Cable , VS *WOW!
Food_Dining_Groceries , WHOLEFDS BIR #10641    BIRMINGHA
Personal Care_Misc , ULTA.COM               866-858-2
Food_Dining_Groceries , HOLIDAY MARKET
Food_Dining_Groceries , HOLIDAY MARKET
Food_Dining_Restaurants , IRON HORSE
Food_Dining_Restaurants Andy , GRUBHUBSAABSISTHAI
Food_Dining_Groceries , HOLIDAY MARKET         ROYAL OAK
Home_Home Supplies , Draft 7265 A Dependable Maytag Icemaker Repair
Health_Fitness_Pharmacy , WALGREENS #5426        ROYAL OAK
Food_Dining_Groceries , HOLIDAY MARKET         ROYAL OAK
Entertainment_Hobbies Cathy , MEJURI                 HTTPSMEJU
Health_Fitness_Doctor , Bill Paid Foot & Ankle Special Conf
Food_Dining_Groceries , HOLIDAY MARKET
Food_Dining_Groceries , HOLIDAY MARKET
Gifts_Donations_Political , ACTBLUE* HARRIS.VICTOR HTTPSSECU
Auto_Transport_Service_Parts , FERNDALE OIL CHANGE CE
Personal Care_Hair , PP*Diana Kim Hair Arti FERNDALE
Personal Care_Hair , PP*Diana Kim Hair Arti FERNDALE
Auto_Transport_Parking , METRO VALET PARKING
Food_Dining_Groceries , HOLIDAY MARKET         ROYAL OAK
Food_Dining_Restaurants , SAKE SUSHI             ROYAL OAK
Food_Dining_Restaurants , DD *DOORDASH LCSASIANK
Food_Dining_Restaurants , TST* AMICI
Tax_Fed , Federal Tax Withholding
Tax_Fed , Federal Tax Withholding
Tax_Fed , Federal Tax Withholding
Tax_Fed , Federal Tax Withholding
Tax_Fed , Federal Tax Withholding
Tax_Fed , Federal Tax Withholding
Tax_Fed , Federal Tax Withholding
Tax_Fed , Federal Tax Withholding
Tax_Fed , Federal Tax Withholding
Tax_Fed , Federal Tax Withholding
Tax_Fed , Federal Tax Withholding
Tax_Fed , Federal Tax Withholding
Home_Home Supplies , SP BLUELAND            HTTPSSHOP
Food_Dining_Restaurants , TST* GUSS SNUG
Personal Care_Misc , ULTA.COM               866-858-2
Food_Dining_Restaurants , TST*SIDETRACKS BAR AND Ypsilanti
Gifts_Donations_Gift , UNCOMMONGOODS          888-365-0
Food_Dining_Restaurants , CALI PIZZA KITC INC #1
Health_Fitness_Pharmacy , WALGREENS #5426
Food_Dining_Restaurants , TST*ANITAS KITCHEN - F
Food_Dining_Restaurants , DD *DOORDASH CANTARITO
Food_Dining_Groceries , HOLLYWOOD SUPERMARKET
Health_Fitness_Doctor , Bill Paid Klein Md Hug Sa Conf
Home_Home Repairs , MENARDS 3362
Food_Dining_Groceries , HOLIDAY MARKET
Food_Dining_Groceries , THE REPUBLIC OF TEA I 415-475517
Home_Lawn_Garden , ENGLISH GARDENS        ROYAL OAK
Travel_Vacation Food , TST* NEW PARK GASTROPU
Misc._Reimbursed Expense , Amazon.com*RH8YS29I1
Health_Fitness_Pharmacy , WALGREENS #5426
Food_Dining_Restaurants Andy , DD *DOORDASH KACHATHAI
Health_Fitness_Pharmacy , WALGREENS #5426
Food_Dining_Groceries , HOLIDAY MARKET         ROYAL OAK
Food_Dining_Groceries , HOLIDAY MARKET         ROYAL OAK
Pets_Pet Grooming , SQ *BINGO PET SALON    Royal Oak
Pets_Pet Grooming , SHEAR PERFECTION BY    HTTPSWWW.
Personal Care_Misc , ULTA.COM               866-858-2
Food_Dining_Groceries , HOLIDAY MARKET         ROYAL OAK
Food_Dining_Groceries , HOLIDAY MARKET
Pets_Pet Boarding , THE BARKSHIRE          248-792-9
Food_Dining_Groceries , HOLIDAY MARKET         ROYAL OAK
Health_Fitness_Pharmacy , WALGREENS #4748        ROYAL OAK
Travel_Vacation Food , ZORBAS GREEK AMERICAN  SAULT S M
Financial_Long Term Care Insurance , Long Term Care
Financial_Long Term Care Insurance , Long Term Care
Financial_Long Term Care Insurance , Long Term Care
Financial_Long Term Care Insurance , Long Term Care
Financial_Long Term Care Insurance , Long Term Care
Financial_Long Term Care Insurance , Long Term Care
Food_Dining_Groceries , HOLIDAY MARKET         ROYAL OAK
Travel_Vacation Food , VILLAGE MARKET XPRE    SOUTH HAV
Pets_Pet Grooming , SHEAR PERFECTION BY    HTTPSWWW.
Pets_Pet Grooming , SHEAR PERFECTION BY    HTTPSWWW.
Pets_Pet Grooming , SHEAR PERFECTION BY    HTTPSWWW.
Pets_Pet Grooming , SHEAR PERFECTION BY    HTTPSWWW.
Pets_Pet Grooming , SHEAR PERFECTION BY    HTTPSWWW.
Pets_Pet Grooming , SHEAR PERFECTION BY    HTTPSWWW.
Entertainment_Hobbies Andy , PAYPAL *ADAFRUITIND
Food_Dining_Restaurants , LOCKHARTS BBQ
Food_Dining_Groceries , HOLIDAY MARKET         ROYAL OAK
Shopping_Clothing , DT *DULUTH TRADING CO  866-300-9
Food_Dining_Groceries , HOLIDAY MARKET
Food_Dining_Groceries , HOLIDAY MARKET
Health_Fitness_Doctor , MED*WILLIAM BEAUMONT H 248-577-9
Pets_Vet , HILTON VETERINARY CLIN FERNDALE
Travel_Vacation Food , TST*IRON BAY RESTAURAN Marquette
Food_Dining_Groceries , PLUM MARKET AAW        ANN ARBOR
Food_Dining_Restaurants , ENCUENTRO LATINO RES   HASHTAGAP
Food_Dining_Restaurants , DD *DOORDASH MR.KABOB
Home_Home Repairs , GREAT LAKES ACE HDWE
Financial_Long Term Care Insurance , Long Term Care
Home_Home Supplies , SP BLUELAND            HTTPSSHOP
Food_Dining_Restaurants , BENITOS PIZZA
Food_Dining_Restaurants , DD *DOORDASH CANTARITO
Food_Dining_Groceries , HOLIDAY MARKET
Food_Dining_Groceries , MEIJER # 034
Food_Dining_Restaurants , DD DOORDASH MALOUSFRI  855-973-1
Food_Dining_Groceries , HOLIDAY MARKET         ROYAL OAK
Food_Dining_Restaurants , SQ *BIERCAMP
Pets_Pet Food_Supplies , SP CANADA POOCH        TORONTO
Food_Dining_Groceries , HOLIDAY MARKET
Bills_Utilities_Natural Gas , Consumers Energy
Food_Dining_Restaurants , GREEN LANTERN PIZZA    248-95192
Shopping_Clothing , PAYPAL *DULUTHTRADI
Food_Dining_Groceries , HOLIDAY MARKET         ROYAL OAK
Food_Dining_Groceries , HOLIDAY MARKET
Food_Dining_Restaurants , Zoe's House of Pancake
Personal Care_Hair , PP*Diana Kim Hair Arti
Misc._Reimbursed Expense , AMZN Mktp US*DI8E63I73
Food_Dining_Groceries , HOLIDAY MARKET
Food_Dining_Restaurants , BENITOS PIZZA
Food_Dining_Groceries , HOLIDAY MARKET
Food_Dining_Groceries , HOLIDAY MARKET
Pets_Vet , HILTON VETERINARY CLIN
Food_Dining_Groceries , HOLIDAY MARKET
Food_Dining_Groceries , MEIJER # 034
Food_Dining_Restaurants , BLUE NILE LLC          HTTPSWWW.
Misc._Reimbursed Expense , Amazon.com*RS0NI5M10
Misc._Reimbursed Expense , Amazon.com*RS9TX9K32
Home_Home Supplies , A DEPENDABLE MAYTAG
Home_Home Repairs , GREAT LAKES ACE HDWE
Personal Care_Hair , PP*Diana Kim Hair Arti
Food_Dining_Groceries , HOLIDAY MARKET
Misc._Reimbursed Expense , AMZN Mktp US*RZ8429KJ1
Personal Care_Misc , ULTA.COM               866-858-2
Personal Care_Misc , Living proof Perfect hair Day InShower Styler 5 oz
Food_Dining_Restaurants , TST* GUSS SNUG         Clawson
Travel_Vacation Food , PAT'S FOODS            ONTONAGON
Food_Dining_Groceries , WOODWARD MARKET 653    ROYAL OAK
Food_Dining_Groceries , THE REPUBLIC OF TEA I 415-475517
Food_Dining_Restaurants , LOUI'S PIZZA  INC.
Food_Dining_Restaurants , TST* VIVIO'S - DETROIT
Shopping_Clothing , Soma                   866-768-7
Travel_Vacation Food , CARLOS CANTINA         IRON MOUN
Auto_Transport_Gas_Fuel , MARATHON PETRO193383BU
Food_Dining_Groceries , HOLIDAY MARKET         ROYAL OAK
Entertainment_Hobbies Andy , Privacycom ID: 626060084CO: PwP I3 DETROIT NAME: 844 7718229 Number: 021115081414229 PwP  I3 DETROIT
Entertainment_Hobbies Andy , Privacycom ID: 626060084CO: PwP I3 DETROIT NAME: 844 7718229 Number: 021115087833894 Withdrawal Elec
Entertainment_Hobbies Andy , Privacycom ID: 626060084CO: PwP I3 DETROIT NAME: 844 7718229 Number: 021115086645228 Withdrawal Elec
Entertainment_Hobbies Andy , Privacycom ID: 626060084CO: PwP I3 DETROIT NAME: 844 7718229 Number: 021115085757601 Withdrawal Elec
Home_Lawn_Garden , ENGLISH GARDENS        ROYAL OAK
Food_Dining_Groceries , HOLIDAY MARKET
Food_Dining_Restaurants , DETROIT BEER CO
Food_Dining_Groceries , MEIJER # 034
Food_Dining_Restaurants Andy , DD *DOORDASH KACHATHAI
Health_Fitness_Pharmacy , WALGREENS #5426
Auto_Transport_Gas_Fuel , EXXON ROYAL OAK FUELS
Food_Dining_Groceries , HOLIDAY MARKET         ROYAL OAK
Food_Dining_Groceries , HOLIDAY MARKET
Food_Dining_Restaurants , DD DOORDASH THEHONEYB  855-973-1
Shopping_Clothing , EDDIEBAUER ECOMMERCE   425755610
Personal Care_Misc , Gillette TRAC II Plus Mens Razor Blade Refills 10 Count Pack of 1 Delivers a Clean Close Shave
Personal Care_Misc , Philips Norelco Genuine SH50 52 Shaving Heads Compatible with Norelco Shaver Series 5000 Rounded and
Food_Dining_Groceries , HOLIDAY MARKET
Food_Dining_Restaurants , DD *DOORDASH LCSASIANK
Food_Dining_Restaurants , BENITOS PIZZA
Food_Dining_Restaurants , DD DOORDASH DOSHERMAN  855-973-1
Misc._Reimbursed Expense , AMAZON MKTPL*RS1SF25E2
Shopping_Clothing , LANDS END              800-332-4
Health_Fitness_Doctor , MED*WILLIAM BEAUMONT HOSP
Food_Dining_Groceries , WOODWARD MARKET 653
Travel_Vacation Food , TST*JAMESPORT BREWING  Ludington
Food_Dining_Groceries , HOLIDAY MARKET         ROYAL OAK
Pets_Vet , HILTON VETERINARY CLIN FERNDALE
Food_Dining_Groceries , HOLIDAY MARKET         ROYAL OAK
Food_Dining_Groceries , TRADER JOE S #674      ROYAL OAK
Food_Dining_Groceries , HOLIDAY MARKET
Food_Dining_Groceries , HOLIDAY MARKET         ROYAL OAK
Home_Lawn_Garden , WHITEFLOWERFARM MAILOR 800-41161
Home_Lawn_Garden , ENGLISH GARDENS        ROYAL OAK
Travel_Vacation Food , TST*LAKE EFFECT        Copper Ha
Food_Dining_Groceries , HOLIDAY MARKET         ROYAL OAK
Entertainment_Hobbies Andy , Shelly Plus Plug US WiFi Operated Smart Plug With Power Measurement Home Automation iOS Android App 
Food_Dining_Groceries , MEIJER # 034
Food_Dining_Groceries , HOLIDAY MARKET         ROYAL OAK
Travel_Vacation Food , LS MACKENZIES ON THE
Auto_Transport_Gas_Fuel , MARATHON PETRO193383BU
Personal Care_Misc , ULTA.COM               866-983-8
Food_Dining_Restaurants Andy , AL`S FAMOUS DELI
Food_Dining_Groceries , HOLIDAY MARKET         ROYAL OAK
Food_Dining_Groceries , HOLIDAY MARKET         ROYAL OAK
Food_Dining_Restaurants , LOUIE'S HAM AND CORNBE
Personal Care_Misc , ULTA.COM               866-983-8
Food_Dining_Groceries , HOLIDAY MARKET
Food_Dining_Groceries , HOLIDAY MARKET         ROYAL OAK
Pets_Pet Grooming , SQ *BINGO PET SALON
Home_Lawn_Garden , Bill Paid Criger Landscape Conf
NoMatch , STEARNS2318433407      WWW.STEAR
Home_Lawn_Garden , Bill Paid Criger Landscape Conf
Gifts_Donations_Gift , Draft 7263 Gift to Katie BF
Food_Dining_Restaurants , OAK CITY GRILLE        ROYAL OAK
Food_Dining_Restaurants , TST* SLOWS TO GO       DETROIT
Food_Dining_Restaurants , SQ *BROWN IRON BREWHOU
Fees_Charges_Bank Fee , ANNUAL MEMBERSHIP FEE
Food_Dining_Groceries , MEIJER # 034
Misc._Reimbursed Expense , Amazon.com*RU2K70OM2
Auto_Transport_Taxi , PAYPAL *UBER EATS
Food_Dining_Restaurants , SQ *MONGERS' PROVISION Berkley
Travel_Vacation Food , THE PUB TC
Food_Dining_Restaurants , WOW MEDITERRANEAN GRIL
Travel_Hotel , MARINER NORTH RESORT
Food_Dining_Groceries , MEIJER # 034
Travel_Vacation Food , SQ *ROXEY'S BAR & GRIL
Food_Dining_Restaurants , JOLLY PUMPKIN RESTAURA ROYAL OAK
Food_Dining_Groceries , HOLIDAY MARKET
Health_Fitness_Pharmacy , WALGREENS #5426
Health_Fitness_Pharmacy , WALGREENS #5426        ROYAL OAK
Food_Dining_Groceries , HOLLYWOOD SUPERMARKET  ROYAL OAK
Auto_Transport_Gas_Fuel , MARATHON PETRO193383BU
Food_Dining_Groceries , HOLIDAY MARKET
Food_Dining_Groceries , HOLIDAY MARKET         ROYAL OAK
Food_Dining_Groceries , HOLIDAY MARKET
Food_Dining_Groceries , HOLIDAY MARKET         ROYAL OAK
Personal Care_Misc , ULTA.COM               866-983-8
Home_Lawn_Garden , BLUESTONE PERENNIALS  440-428-75
Food_Dining_Restaurants , DD *DOORDASH CRISPELLI
Food_Dining_Groceries , HOLLYWOOD SUPERMARKETS
Travel_Vacation Food , TST* TAPROOT CIDER HOU
Shopping_Clothing , LANDS END              800-332-4
Misc._Reimbursed Expense , Amazon.com*4K9L99MH3
Misc._Reimbursed Expense , SQ *SOCIETY OF SAINT J Eagle Har
Misc._Reimbursed Expense , AMZN Mktp US*4G0T874X3
Personal Care_Misc , ULTA.COM               866-858-2
Auto_Transport_Gas_Fuel , MARATHON PETRO241042   ROYAL OAK
Travel_Vacation Food , SQ *RADUNO
Auto_Transport_Gas_Fuel , EXXON CHLOE'S PETROLEU YPSILANTI
Travel_Vacation Food , SQ *DONCKERS & EVERGRE
Misc._Reimbursed Expense , AMZN Mktp US*RT3UJ1GQ1
Food_Dining_Groceries , TRADER JOE S #674      ROYAL OAK
Misc._Reimbursed Expense , Amazon.com*499911UV3
Food_Dining_Restaurants , DD *DOORDASH CRISPELLI
Food_Dining_Groceries , HOLIDAY MARKET
Health_Fitness_Gym , ROMI - SENIOR COMMUNIT 248-246-3
Food_Dining_Groceries , TRADER JOE S #674      ROYAL OAK
Auto_Transport_Gas_Fuel , MARATHON PETRO193383BU ROYAL OAK
Food_Dining_Groceries , HOLIDAY MARKET
Auto_Transport_Gas_Fuel , MARATHON PETRO193383BU
Food_Dining_Groceries , HOLIDAY MARKET         ROYAL OAK
Travel_Souvenir , LAUGHING LOON GIFTS    COPPER HA
Food_Dining_Restaurants , PANERA BREAD #203731 P
Food_Dining_Restaurants , TST* IRISH TAVERN MADI
Food_Dining_Groceries , TRADER JOE S #674      ROYAL OAK
Auto_Transport_Gas_Fuel , MARATHON PETRO193383BU ROYAL OAK
Auto_Transport_Gas_Fuel , MARATHON PETRO193383BU ROYAL OAK
Food_Dining_Restaurants Andy , TST* CHARLIES
Cash_ATM , ATM Withdrawal
Food_Dining_Groceries , WHOLEFDS BIR #10641    BIRMINGHA
Food_Dining_Restaurants , DD DOORDASH LATORRETA  855-973-1
Auto_Transport_Gas_Fuel , MARATHON PETRO193383BU ROYAL OAK
Health_Fitness_Doctor , MICHIGAN ORTHOPAEDIC S 248-71416
Travel_Vacation Food , SYLS CAFE - HOUGHTON
Health_Fitness_Doctor , MED*WILLIAM BEAUMONT H 248-577-9
Food_Dining_Groceries , MEIJER # 034
Auto_Transport_Gas_Fuel , MARATHON PETRO193383BU ROYAL OAK
Home_Home Repairs , PPG PAINTS 9456        ROYAL OAK
Auto_Transport_Gas_Fuel , MARATHON PETRO241042   ROYAL OAK
Food_Dining_Groceries , HOLLYWOOD SUPERMARKET
Food_Dining_Groceries , MEIJER # 034
Food_Dining_Groceries , TRADER JOE S #674      ROYAL OAK
Misc._Reimbursed Expense , AMAZON MKTPL*RS5737360
Health_Fitness_Doctor , MED*WILLIAM BEAUMONT H
Auto_Transport_Gas_Fuel , SPEEDWAY 44431         ANN ARBOR
Auto_Transport_Gas_Fuel , MARATHON PETRO193383BU ROYAL OAK
Food_Dining_Groceries , HOLLYWOOD SUPERMARKET
Food_Dining_Groceries , MEIJER # 271 FUEL      SOUTH HAV
Misc._Reimbursed Expense , AMZN Mktp US*R24PM9600
Food_Dining_Groceries , MEIJER # 034
Food_Dining_Groceries , TRADER JOE S #674      ROYAL OAK
Food_Dining_Restaurants , ROYAL OAK BREWERY
Pets_Pet Boarding , THE BARKSHIRE          248-792-9
Pets_Pet Boarding , THE BARKSHIRE          248-792-9
Personal Care_Misc , ULTA.COM               866-858-2
Auto_Transport_Gas_Fuel , MARATHON PETRO193383BU
Personal Care_Misc , SP KITSCH              HTTPSKITS
Bills_Utilities_Natural Gas , Consumers Energy
Gifts_Donations_Gift , SIDETRACK BOOKSHOP     ROYAL OAK
Misc._Reimbursed Expense , AMAZON MKTPL*9P4SO0DI3
Food_Dining_Restaurants Andy , SQ *OAK HOUSE DELI INC
Food_Dining_Restaurants Andy , Bill Paid Michigan Endocrine Conf
Health_Fitness_Doctor , Bill Paid Norton Klein Hug and Conf
Auto_Transport_Gas_Fuel , SUNOCO 0302996400  QPS
Food_Dining_Restaurants , TST* MR KABOB - BERKEL
Auto_Transport_Gas_Fuel , SPEEDWAY 03626 BAY CIT BAY CITY
Auto_Transport_Gas_Fuel , MARATHON PETRO193383BU
Auto_Transport_Gas_Fuel , SPEEDWAY 44431         ANN ARBOR
Food_Dining_Groceries , HOLIDAY MARKET         ROYAL OAK
Food_Dining_Restaurants , L GEORGES CONEY ISLAND
Fees_Charges_Service Fee , LASTPASS.COM
Home_Lawn_Garden , RESTMO IP54 Extra Large Outdoor Box w  6 Cable Seal Entry Bundle w  4 Small Weatherproof Extension C
Food_Dining_Groceries , HOLIDAY MARKET
Bills_Utilities_Natural Gas , Consumers Energy
Food_Dining_Groceries , SQ *GREAT LAKES POT PI
Auto_Transport_Gas_Fuel , MARATHON PETRO193383BU
Travel_Auto Fuel , WHITE PINE LODGE       CHRISTMAS
Auto_Transport_Gas_Fuel , MARATHON PETRO193383BU
Auto_Transport_Gas_Fuel , SUNOCO 0639015700      BERKLEY
Auto_Transport_Gas_Fuel , MARATHON PETRO193383BU
Food_Dining_Groceries , HOLIDAY MARKET
Personal Care_Misc , ROYAL  OAK NAILS       ROYAL OAK
Personal Care_Misc , ROYAL  OAK NAILS       ROYAL OAK
Home_Home Repairs , ELLIOTT SAW WORKS INC
Health_Fitness_Pharmacy , WALGREENS #5426
Personal Care_Misc , ROYAL  OAK NAILS       ROYAL OAK
Health_Fitness_Pharmacy , WALGREENS #5426
Personal Care_Misc , ROYAL  OAK NAILS       ROYAL OAK
Health_Fitness_Durable Medical , Greater Goods Blood Pressure Monitor  Complete BP Machine Kit with Wall Adapter and Premium Comfort 
Auto_Transport_Gas_Fuel , MARATHON PETRO193383BU
Misc._Reimbursed Expense , AMZN Mktp US*RN7S36CH1
Food_Dining_Groceries , HOLLYWOOD SUPERMARKET
Auto_Transport_Gas_Fuel , MARATHON PETRO193383BU
Food_Dining_Groceries , HOLIDAY MARKET         ROYAL OAK
Food_Dining_Groceries , HOLLYWOOD SUPERMARKET  ROYAL OAK
Travel_Vacation Food , SQ *BIRD'S EYE OUTFITT
Personal Care_Laundry , NEW MAGIC CLEANER      ROYAL OAK
Auto_Transport_Gas_Fuel , MARATHON PETRO193383BU
Personal Care_Misc , SP BITE TOOTHPASTE     HTTPSBITE
Home_Home Repairs , GREAT LAKES ACE HDWE
Travel_Souvenir , SQ *SOO LOCKS GIFT GAL SAULT S M
Food_Dining_Groceries , HOLIDAY MARKET
Health_Fitness_Doctor , MED*COREWELL HEALTH    616-391-9
Auto_Transport_Gas_Fuel , MARATHON PETRO193383BU ROYAL OAK
Food_Dining_Groceries , TRADER JOE S #674      ROYAL OAK
Food_Dining_Groceries , HOLIDAY MARKET         ROYAL OAK
Auto_Transport_Gas_Fuel , MARATHON PETRO193383BU ROYAL OAK
Auto_Transport_Gas_Fuel , MARATHON PETRO193383BU ROYAL OAK
Auto_Transport_Gas_Fuel , MARATHON PETRO193383BU
Travel_Vacation Food , BARDEN'S FARM MARKET   SOUTH HAV
Auto_Transport_Gas_Fuel , SUNOCO 0945087500  QPS
Health_Fitness_Pharmacy , WALGREENS #5426
Pets_Pet Boarding , THE BARKSHIRE          248-792-9
Health_Fitness_Doctor , MED*WILLIAM BEAUMONT H
Personal Care_Misc , COSMIC NAILS           LIVONIA
Travel_Sightseeing , SAULT HISTORIC SITES
Food_Dining_Groceries , HOLIDAY MARKET         ROYAL OAK
Auto_Transport_Gas_Fuel , BP#6892160RPF OIL CANT CANTON
Home_Office , FEDEX OFFIC21200021279
Pets_Pet Food_Supplies , PETSMART # 2536        ROYAL OAK
Auto_Transport_Gas_Fuel , MARATHON PETRO193383BU ROYAL OAK
Auto_Transport_Gas_Fuel , MARATHON PETRO193383BU ROYAL OAK
Misc._Reimbursed Expense , AMAZON MKTPL*RM8VD9YR2
Food_Dining_Restaurants Andy , TST* CHARLIES
Auto_Transport_Gas_Fuel , MARATHON PETRO193383BU ROYAL OAK
Home_Home Repairs , Lowes
Food_Dining_Groceries , HOLIDAY MARKET         ROYAL OAK
Auto_Transport_Gas_Fuel , MARATHON PETRO193383BU
Auto_Transport_Gas_Fuel , MARATHON PETRO193383BU ROYAL OAK
Gifts_Donations_Gift , SERENDIPITY ROAD LLC   MIDLAND
Auto_Transport_Gas_Fuel , MARATHON PETRO109454   CLARE
Health_Fitness_Doctor , MED*WILLIAM BEAUMONT H
Personal Care_Misc , La Fresh Travel Lite Antiperspirant and Body Wipes  50 Individually Wrapped Deodorant Wipes for Adul
Auto_Transport_Gas_Fuel , PILOT_00668            SAGINAW
Food_Dining_Restaurants , L GEORGES CONEY ISLAND
Travel_Souvenir , GATEWAY GIFTS          SAULT S M
Home_Home Repairs , GREAT LAKES ACE HDWE
Food_Dining_Groceries , TRADER JOE S #674      ROYAL OAK
Food_Dining_Groceries , TRADER JOE S #674      ROYAL OAK
Travel_Vacation Food , CKE*EAGLE HARBOR INN M MOHAWK
Health_Fitness_Doctor , MED*WILLIAM BEAUMONT H
Misc._Reimbursed Expense , AMAZON MKTPL*RS1IZ7TD1
Health_Fitness_Pharmacy , WM SUPERCENTER #2873
Auto_Transport_Gas_Fuel , EXXON 96 & FARMINGTON  LIVONIA
Food_Dining_Groceries , TRADER JOE S #674      ROYAL OAK
Food_Dining_Groceries , MEIJER # 034
Food_Dining_Restaurants , TST* IRISH TAVERN MADI
Travel_Vacation Food , KWIK TRIP #637
Food_Dining_Restaurants , WWW.KRUSEANDMUERRESTAU WWW.KRUSE
Gifts_Donations_Gift , RDA*LARGE EDITION MAG  877-73244
Health_Fitness_Pharmacy , WALGREENS #5426
Food_Dining_Groceries , HOLIDAY MARKET
Travel_Vacation Food , LUDINGTON BAY BREWING
Personal Care_Misc , ULTA.COM               866-858-2
Personal Care_Misc , ULTA.COM               866-858-2
Home_Home Repairs , GREAT LAKES ACE HDWE
Auto_Transport_Gas_Fuel , SPEEDWAY 08841 ROYAL O ROYAL OAK
Travel_Vacation Food , BARDEN'S FARM MARKET   SOUTH HAV
Food_Dining_Groceries , MIDTOWN COMPOSTING
Food_Dining_Groceries , MIDTOWN COMPOSTING
Food_Dining_Groceries , MIDTOWN COMPOSTING
Food_Dining_Groceries , MIDTOWN COMPOSTING
Food_Dining_Groceries , MIDTOWN COMPOSTING
Food_Dining_Groceries , MIDTOWN COMPOSTING
Food_Dining_Groceries , MIDTOWN COMPOSTING
Food_Dining_Groceries , MIDTOWN COMPOSTING
Food_Dining_Groceries , MIDTOWN COMPOSTING
Food_Dining_Groceries , MIDTOWN COMPOSTING
Food_Dining_Groceries , MIDTOWN COMPOSTING
Food_Dining_Groceries , MIDTOWN COMPOSTING
Food_Dining_Groceries , MIDTOWN COMPOSTING
Food_Dining_Groceries , MIDTOWN COMPOSTING
Food_Dining_Groceries , MIDTOWN COMPOSTING
Food_Dining_Restaurants Cathy , COOPER'S HAWK TROY LLC TROY
Health_Fitness_Pharmacy , WALGREENS #5426
Auto_Transport_Gas_Fuel , MARATHON PETRO241042
Auto_Transport_Gas_Fuel , MARATHON PETRO193383BU ROYAL OAK
Health_Fitness_Pharmacy , CVS/PHARMACY #08068
Travel_Vacation Food , SYLS CAFE - HOUGHTON
Food_Dining_Restaurants Andy , TST* NATIONAL CONEY IS
Gifts_Donations_Gift , WRITE IMPRESSIONS      ROYAL OAK
Personal Care_Misc , ULTA.COM               866-858-2
Food_Dining_Groceries , PAPA JOES BIRMINGHAM   ROCHESTER
Food_Dining_Groceries , HOLLYWOOD SUPERMARKET
Misc._Reimbursed Expense , Amazon.com*RV8P13DL1
Auto_Transport_Gas_Fuel , MARATHON PETRO193383BU ROYAL OAK
Home_Lawn_Garden , MICROBELIFT 10XSSCX1 Spring and Summer Pond and Outdoor Water Garden Cleaner Safe for Live Koi Fish 
Auto_Transport_Taxi , PAYPAL *UBER EATS
Food_Dining_Restaurants , ALCHEMI PREPS  JOHNNY  ROYAL OAK
Travel_Vacation Food , AA FAMILY FOODS        IRON RIVE
Health_Fitness_Pharmacy , WALGREENS #5426
Pets_Vet , Trupanion
Pets_Vet , Trupanion
Pets_Vet , Trupanion
Pets_Vet , Trupanion
Pets_Vet , Trupanion
Pets_Vet , Trupanion
Pets_Vet , Trupanion
Pets_Vet , Trupanion
Auto_Transport_Gas_Fuel , MARATHON PETRO193383BU ROYAL OAK
Food_Dining_Groceries , TRADER JOE S #674      ROYAL OAK
Entertainment_Hobbies Cathy , WWW.CLICKANDGROW.COM   WWW.CLICK
Auto_Transport_Gas_Fuel , PILOT_00668            SAGINAW
Health_Fitness_Pharmacy , CVS/PHARMACY #08068
Home_Home Repairs , GREAT LAKES ACE HDWE
Auto_Transport_Gas_Fuel , MARATHON PETRO193383BU
Auto_Transport_Gas_Fuel , MARATHON PETRO193383BU ROYAL OAK
Misc._Reimbursed Expense , AMAZON MKTPL*RJ28E3BZ1
Health_Fitness_Pharmacy , WALGREENS   #10405     SAULT S M
Health_Fitness_Pharmacy , WALGREENS   #10405     SAULT S M
Auto_Transport_Gas_Fuel , MARATHON PETRO193383BU ROYAL OAK
Shopping_Clothing , EDDIEBAUER ECOMMERCE   425-755-6
Health_Fitness_Doctor , Bill Paid Norton Klein Hug and Conf
Food_Dining_Restaurants , PANERA BREAD #601875 P CANTON
Home_Lawn_Garden , CLINTON RIVER WATERSHE
Health_Fitness_Dentist , KAMIL ABRAHAM DDS PC   ROYAL OAK
Personal Care_Laundry , NEW MAGIC CLEANER
Health_Fitness_Doctor , MICHIGAN ORTHOPAEDIC S 248-71416
Auto_Transport_Gas_Fuel , MARATHON PETRO193383BU ROYAL OAK
Home_Home Repairs , FRENTZ & SONS HARDWARE
Travel_Souvenir , COUNTRY VILLAGE SHOPS  COPPER HA
Food_Dining_Groceries , SP CHERRY REPUBLIC     180-02066
Travel_Auto Fuel , HOLIDAY STATIONS 0180  ONTONAGON
Food_Dining_Groceries , SQ *MAMMA RITA'S BAKIN
Food_Dining_Restaurants , PANERA BREAD #203822 P
Travel_Vacation Food , SQ *MACKINAW BREAKFAST
Personal Care_Laundry , NEW MAGIC CLEANER      ROYAL OAK
Personal Care_Misc , SP KITSCH              HTTPSKITS
Home_Home Repairs , FRENTZ & SONS HARDWARE ROYAL OAK
Food_Dining_Restaurants , DD *DOORDASH ZOESHOUSE
Food_Dining_Groceries , HOLIDAY MARKET         ROYAL OAK
Home_Home Repairs , Lowes
Travel_Vacation Food , SYLS CAFE - HOUGHTON   ONTONAGON
Travel_Souvenir , SQ *GITCHE GUMEE LANDI
Auto_Transport_Gas_Fuel , MARATHON PETRO193383BU ROYAL OAK
Misc._Reimbursed Expense , AMZN Mktp US*RI9Y28J30
Travel_Vacation Food , SQ *UP NORTH CAFE
Food_Dining_Restaurants , TST* CANDY BAR & SIREN
Food_Dining_Groceries , HOLLYWOOD SUPERMARKET
Food_Dining_Groceries , TRADER JOE S #674      ROYAL OAK
Food_Dining_Groceries , HOLLYWOOD SUPERMARKET  ROYAL OAK
Travel_Vacation Food , COUSIN JENNY'S CORNISH
Auto_Transport_Gas_Fuel , MARATHON PETRO193383BU
Food_Dining_Restaurants Andy , CULVERS OF LANSING
Home_Home Repairs , Lowes
Health_Fitness_Doctor , MED*WILLIAM BEAUMONT H
Travel_Vacation Food , SQ *LAKE MICHIGAN CARF Ludington
Auto_Transport_Gas_Fuel , MARATHON PETRO193383BU ROYAL OAK
Food_Dining_Restaurants Cathy , CAFE MUSE              248-54447
Auto_Transport_Gas_Fuel , MARATHON PETRO193383BU ROYAL OAK
Food_Dining_Groceries , OH CREPE AND COFFEE    SAULT S M
Misc._Reimbursed Expense , AMZN Mktp US*UM6OQ4VN3
Misc._Reimbursed Expense , AMAZON MKTPL*RV0T00X72
Health_Fitness_Doctor , MED*WILLIAM BEAUMONT H 248-577-9
Travel_Vacation Food , THE MARKET ON OSBORN
Food_Dining_Restaurants , TST* CANDY BAR & SIREN DETROIT
Food_Dining_Groceries , GFS STORE #1907
Food_Dining_Groceries , TRADER JOE S #674      ROYAL OAK
Auto_Transport_Gas_Fuel , SHELL OIL 52161800017  MIDLAND
Food_Dining_Groceries , TRADER JOE S #674      ROYAL OAK
Food_Dining_Restaurants Andy , Zoe's House of Pancake
Food_Dining_Restaurants Andy , CULVERS OF WEST BRANCH
Food_Dining_Groceries , HOLLYWOOD SUPERMARKET  ROYAL OAK
Food_Dining_Restaurants Andy , GRECIANHOUSE
Misc._Reimbursed Expense , Amazon.com*O813I20W3
Home_Home Repairs , GREAT LAKES ACE HDWE
Misc._Reimbursed Expense , Amazon.com*R879E63Y1
Misc._Reimbursed Expense , Amazon.com*R824168U2
Health_Fitness_Pharmacy , Pepcid Complete Acid Reducer + Antacid Chewables 10 mg Famotidine 800 mg Calcium Carbonate & 165 mg 
Auto_Transport_Car Wash , PAUL'S AUTO WASH CLAWSON
Auto_Transport_Car Wash , PAUL'S AUTO WASH CLAWSON
Home_Lawn_Garden , PondFirst Pond Water Conditioner  Concentrated Instant Dechlorinator for Fish Ponds Makes Water Safe
Auto_Transport_Car Wash , PAUL'S AUTO WASH CLAWSON
Auto_Transport_Car Wash , PAUL'S AUTO WASH CLAWSON
Auto_Transport_Car Wash , PAUL'S AUTO WASH CLAWSON
Misc._Reimbursed Expense , AMZN Mktp US*RI4O32321
Health_Fitness_Pharmacy , WALGREENS #5426        ROYAL OAK
Home_Home Repairs , PAYPAL *HOME DEPOT
Travel_Vacation Food , SQ *RIVERBEND FARM LLC South Hav
Pets_Pet Food_Supplies , PETSMART # 2536        ROYAL OAK
Personal Care_Laundry , NEW MAGIC CLEANER      ROYAL OAK
Travel_Vacation Food , KILWINS CHOCOLATES SOU SOUTH HAV
Entertainment_Hobbies Cathy , Oath and Honor: A Memoir and a Warning
Misc._Reimbursed Expense , AMZN Mktp US*ER9X73VN3
Home_Home Supplies , SP WALKING LIGHTLY     124-89286
Misc._Reimbursed Expense , AMAZON MKTPL*RF6VS5AD2
Food_Dining_Restaurants Andy , ARBYS 5418
Food_Dining_Restaurants , TST* CRISPELLIS SOMERS Troy
Home_Furnishings , OXO Good Grips Plastic Utility Cutting Board 147 x 103
Home_Furnishings , OXO Good Grips Plastic Utility Cutting Board 147 x 103
NoMatch , RYOK-CITY CLERK        HTTPSROMI
Health_Fitness_Pharmacy , WALGREENS #5426
Home_Home Repairs , GREAT LAKES ACE HDWE
Food_Dining_Groceries , TRADER JOE S #674      ROYAL OAK
Home_Home Repairs , GREAT LAKES ACE HDWE
Food_Dining_Restaurants , SQ *BROWN IRON BREWHOU
Food_Dining_Restaurants Andy , TST* NICKY DS CONEY IS 248-549-1
Auto_Transport_Registration , SEC OF STATE ESERVICES
Auto_Transport_Registration , SEC OF STATE ESERVICES 517-33504
Health_Fitness_Doctor , Bill PaidKLEIN MD HUG MD SABI Conf #1 No Description
Health_Fitness_Pharmacy , WALGREENS #5426
Food_Dining_Groceries , TST* BREAD BY CRISPELL
Personal Care_Misc , ULTA.COM               866-858-2
Food_Dining_Groceries , WOODWARD MARKET 653
Home_Lawn_Garden , Blue Ridge Koi Fish Food 2lb  Koi Food Mini Growth Formula Goldfish Food Premium Fish Food for Ponds
Auto_Transport_Car Wash , PAUL'S AUTO WASH CLAWSON
Auto_Transport_Car Wash , PAUL'S AUTO WASH CLAWSON
Auto_Transport_Car Wash , PAUL'S AUTO WASH CLAWSON
Food_Dining_Groceries , HOLIDAY MARKET         ROYAL OAK
Personal Care_Laundry , NEW MAGIC CLEANER      ROYAL OAK
Food_Dining_Groceries , TRADER JOE S #674      ROYAL OAK
Home_Lawn_Garden , NEW GREEN LEAF INC
Food_Dining_Restaurants Andy , TST*CRISPELLIS BAKERY  Berkley
Food_Dining_Restaurants , TST* IRISH TAVERN MADI Madison H
Home_Home Repairs , GREAT LAKES ACE HDWE
Misc._Reimbursed Expense , Amazon.com*S80PX6OF3
Food_Dining_Restaurants , SQ *CLARK?S ICE CREAM  Berkley
Health_Fitness_Doctor , Bill Paid Foot & Ankle Special Conf
Misc._Reimbursed Expense , AMZN Mktp US*RN42J93W2
Health_Fitness_Pharmacy , Ocuvite Eye Vitamin & Mineral Supplement by Bausch + Lomb Contains Zinc Vitamins A C E & Lutein Pink
Health_Fitness_Pharmacy , WALGREENS #5426
Home_Office , PAYPAL *ZOOMVIDEOCO
Home_Office , PAYPAL *ZOOMVIDEOCO
Home_Office , PAYPAL *ZOOMVIDEOCO
Home_Office , PAYPAL *ZOOMVIDEOCO
Home_Office , PAYPAL *ZOOMVIDEOCO
Home_Office , PAYPAL *ZOOMVIDEOCO
Home_Office , PAYPAL *ZOOMVIDEOCO
Home_Office , PAYPAL *ZOOMVIDEOCO
Misc._Reimbursed Expense , Amazon.com*R86VC6PN2
Food_Dining_Restaurants Cathy , GRAPE BEGINNINGS WINER MIDLAND
Travel_Vacation Food , GRAND TRAVERSE PIE COM
Misc._Reimbursed Expense , Amazon.com*XQ9941BV3
Travel_Vacation Food , ZORBAS GREEK AMERICAN  SAULT S M
Food_Dining_Restaurants Cathy , IRON DAME              MIDLAND
Shopping_Clothing , EDDIEBAUER ECOMMERCE   425-755-6
Home_Lawn_Garden , Microbe Lift MLCBSE500 Barley Straw Concentrated Extract Pond Conditioner 16 Ounces
Misc._Reimbursed Expense , Amazon.com*ZT5RJ8MJ3
Food_Dining_Restaurants Andy , CULVERS BIRCH RUN MAIN BIRCH RUN
Bills_Utilities_Water , Bill Paid City of Royal Oak Conf
Travel_Auto Fuel , SQ *KEWEENAW COUNTY HI
Home_Home Repairs , FRENTZ & SONS HARDWARE
Home_Furnishings , OXO Good Grips Plastic Everyday Cutting Board
Personal Care_Misc , ULTA.COM               866-858-2
Home_Home Repairs , THE HOME DEPOT #2731   MADISON H
Misc._Reimbursed Expense , AMZN Mktp US*RH7YH0QH1
Food_Dining_Restaurants , Privacycom ID: 626060084CO: PwP PANERA SIP NAME: 844 7718229 Number: 021115083914792 PwP  PANERA SIP
Travel_Vacation Food , SQ *JAMSEN'S FISH MARK
Travel_Auto Fuel , KRIST OIL 7
Health_Fitness_Pharmacy , CVS/PHARMACY #08068
Home_Home Repairs , GREAT LAKES ACE HDWE
Auto_Transport_Gas_Fuel , SPEEDWAY 02301 13020 W TRAVERSE
Entertainment_Movies_DVDs , Netflix
Entertainment_Movies_DVDs , Netflix.com
Entertainment_Movies_DVDs , Netflix.com
Entertainment_Movies_DVDs , Netflix.com
Entertainment_Movies_DVDs , NETFLIX.COM
Entertainment_Movies_DVDs , NETFLIX.COM
Entertainment_Movies_DVDs , NETFLIX.COM
Entertainment_Movies_DVDs , NETFLIX.COM
Food_Dining_Restaurants , TST* BREAD BY CRISPELL
Travel_Vacation Food , SQ *THE FLYING SAUCER
Entertainment_Hobbies Andy , PAYPAL *WINFORDENG
Pets_Pet Boarding , THE BARKSHIRE          248-792-9
Entertainment_Hobbies Andy , SUNLU PLA 3D Printer Filament PLA Filament 175mm Neatly Wound PLA 3D Printing Filament 175mm Dimensi
Misc._Reimbursed Expense , AMAZON MKTPL*RF9DR6QJ2
Food_Dining_Groceries , WESTBORN MARKET 42367  BERKLEY
Health_Fitness_Pharmacy , WALGREENS #5426
Food_Dining_Restaurants Andy , ARBYS 0127             MARION
Misc._Reimbursed Expense , AMZN Mktp US*R06JI9IX1
Home_Home Repairs , THE HOME DEPOT #2731
Travel_Vacation Food , GAS LITE GENERAL STORE COPPER HA
Travel_Vacation Food , PLAYA BOWLS - TRAVERSE TRAVERSE
Food_Dining_Restaurants , GOLDEN WHEAT
Entertainment_Hobbies Cathy , W. Atlee Burpee Compan 215-67449
Home_Lawn_Garden , ENGLISH GARDENS
Travel_Souvenir , PAW*ART U.P. STYLE     MARQUETTE
Food_Dining_Groceries , HOLIDAY MARKET
Food_Dining_Restaurants , GOLDEN WHEAT INC
Entertainment_Hobbies Andy , UGREEN USB to Audio Jack Sound Card Adapter with Dual TRS 3Pole Headphone and Microphone USB to Aux 
Home_Lawn_Garden , MICROBELIFT PL Pond Bacteria and Outdoor Water Garden Cleaner Safe for Live Koi Fish Plant Life and 
Food_Dining_Restaurants , PANERA BREAD #601614 P MIDLAND
Food_Dining_Groceries , TRADER JOE S #674      ROYAL OAK
Misc._Reimbursed Expense , Amazon.com*R647W74I2
Food_Dining_Restaurants Andy , BRUEGGERSMOBILEAPP #79 763-592-2
Food_Dining_Restaurants , BENITOS PIZZA
Health_Fitness_Pharmacy , WALGREENS #12776       MARQUETTE
Shopping_Clothing , EDDIEBAUER ECOMMERCE   425755610
Auto_Transport_Gas_Fuel , SHELL OIL 574407976QPS
Misc._Reimbursed Expense , AMZN Mktp US*R689S8792
Food_Dining_Groceries , WESTBORN MARKET 42367  BERKLEY
Food_Dining_Groceries , TST* BREAD BY CRISPELL Royal Oak
Home_Home Repairs , FRENTZ & SONS HARDWARE
Food_Dining_Groceries , HOLLYWOOD SUPERMARKET  ROYAL OAK
Food_Dining_Groceries , TST* BREAD BY CRISPELL Royal Oak
Food_Dining_Restaurants Andy , ARBYS 6888
Food_Dining_Groceries , TST* BREAD BY CRISPELL
Food_Dining_Restaurants Andy , COMET BURGERS
Misc._Reimbursed Expense , AMZN Mktp US*RH6DE43A0
Food_Dining_Restaurants Andy , JIMMY JOHNS - 150
Food_Dining_Groceries , TST* BREAD BY CRISPELL Royal Oak
Misc._Reimbursed Expense , Amazon.com*2Q0PN6213
Food_Dining_Restaurants , GOLDEN WHEAT
Food_Dining_Restaurants , GOLDEN WHEAT
Misc._Reimbursed Expense , AMZN Mktp US*R665Y0ND2
Travel_Vacation Food , SQ *JAMSEN'S FISH MARK Copper Ha
Auto_Transport_Gas_Fuel , SPEEDWAY 44262
Misc._Reimbursed Expense , AMZN Mktp US*RA1SF1OI0
Auto_Transport_Gas_Fuel , SPEEDWAY 02301 13020 W
Food_Dining_Groceries , Huey Fong Sambal Oelek Chili Paste 8 Oz
Misc._Reimbursed Expense , AMZN Mktp US*TK9H44H31
Health_Fitness_Pharmacy , WALGREENS #5426
Home_Lawn_Garden , Bonide Beetle Bagger Japanese Beetle Trap Kit for Indoors and Outdoors 2 Disposable Collection Bags 
Food_Dining_Groceries , HOLLYWOOD SUPERMARKET  ROYAL OAK
Travel_Vacation Food , COUSIN JENNY'S CORNISH
Gifts_Donations_Gift , SQ *FACILITY CONCESSIO
Food_Dining_Groceries , TST* THE OFFICE COFFEE
Travel_Vacation Food , THE MARKET ON OSBORN
Food_Dining_Restaurants , PANERA BREAD #601281 K BIRMINGHA
Home_Home Repairs , GREAT LAKES ACE HDWE
Food_Dining_Restaurants Cathy , THE LUNCH CAFE         BERKLEY
Travel_Auto Fuel , HOLIDAY STATIONS 0180  ONTONAGON
Entertainment_Amusement , DETROIT ZOO-GUEST RELA ROYAL OAK
Entertainment_Music , Privacycom ID: 626060084CO: PwP Spotify USA NAME: 844 7718229 Number: 021115084853591 PwP  Spotify U
Entertainment_Music , Privacycom ID: 626060084CO: PwP Spotify USA NAME: 844 7718229 Number: 021115083499756 PwP  Spotify U
Food_Dining_Groceries , MEIJER EXPRESS 271     SOUTH HAV
Misc._Reimbursed Expense , AMZN Mktp US*NT68I3Y93
Food_Dining_Groceries , HOLLYWOOD SUPERMARKET  ROYAL OAK
Food_Dining_Groceries , WESTBORN MARKET 42367  BERKLEY
Home_Home Repairs , FRENTZ & SONS HARDWARE ROYAL OAK
Food_Dining_Groceries , TST* SABBATH COFFEE
NoMatch , NGC - YPSILANTI
Food_Dining_Restaurants , PANERA BREAD #600720 K SHELBY TO
Entertainment_Movies_DVDs , PHOENIX THEATRES LAURE LIVONIA
Health_Fitness_Pharmacy , WALGREENS #15391       BIRMINGHA
Misc._Reimbursed Expense , AMAZON MKTPL*RS7HO9972
Personal Care_Misc , ULTA.COM               866-858-2
Food_Dining_Groceries , PAPA JOES BEAUMONT     ROYAL OAK
Food_Dining_Restaurants , SQ *GOLDEN CONE/LILBRO
Food_Dining_Groceries , TST* BREAD BY CRISPELL ROYAL OAK
Entertainment_Movies_DVDs , Privacycom ID: 626060084CO: PwP Spotify USA NAME: 844 7718229 Number: 021115082366957 PwP  Spotify U
Entertainment_Movies_DVDs , Privacycom ID: 626060084CO: PwP Spotify USA NAME: 844 7718229 Number: 021115081035314 PwP  Spotify U
Travel_Vacation Food , PLAYA BOWLS - TRAVERSE TRAVERSE
Travel_Vacation Food , PLAYA BOWLS - TRAVERSE TRAVERSE
Food_Dining_Groceries , HOLIDAY MARKET
Food_Dining_Restaurants Andy , TST* THE OFFICE COFFEE
Health_Fitness_Pharmacy , WALGREENS #15391       BIRMINGHA
Auto_Transport_Gas_Fuel , SHELL OIL 57445534506  ROYAL OAK
Food_Dining_Restaurants Andy , R & D TUBBYS INC
Food_Dining_Restaurants , TST*NICKY DS CONEY ISL 248-549-1
Food_Dining_Restaurants Andy , Subway 11697           Berkley
Misc._Reimbursed Expense , AMZN Mktp US*RT5N71HG2
Misc._Reimbursed Expense , AMAZON MKTPL*RG3342DL0
Misc._Reimbursed Expense , AMAZON MKTPL*RF31N0B80
Misc._Reimbursed Expense , AMAZON MKTPL*RF1AI0RT1
Misc._Reimbursed Expense , AMZN Mktp US*3G8AY5Z13
Health_Fitness_Doctor , MED*WILLIAM BEAUMONT HOSP
Home_Home Repairs , FRENTZ & SONS HARDWARE ROYAL OAK
Health_Fitness_Pharmacy , WALGREENS   #10405
Misc._Reimbursed Expense , AMZN Mktp US*RS8166N21
Food_Dining_Restaurants Andy , SQ *SEVEN SUNDAYS COFF
Auto_Transport_Parking , Privacycom ID: 626060084CO: PwP VENMO *Mun NAME: 844 7718229 Number: 021115084972945 Withdrawal Elec
Home_Home Supplies , Pyrex Bundle  2 Items: 7210PC 3Cup Turquoise Rectangle Plastic Food Storage Lids Made in the USA
Entertainment_Hobbies Andy , BTFLIGHTING 20 Pairs JST SM 3 Pin Connectors for WS2812B WS2811 WS2812 WS2814 SK6812 FOCB CCT LED St
Entertainment_Movies_DVDs , Hulu 877-8244858 CA
Entertainment_Movies_DVDs , Hulu 877-8244858 CA
Entertainment_Movies_DVDs , Hulu 877-8244858 CA
Personal Care_Misc , Quntis Suction Cup Hooks 4 Packs Plastic Shower Suction Hooks Clear Heavy Duty Suction Cup Wreath Ha
Entertainment_Movies_DVDs , Hulu 877-8244858 CA
Entertainment_Movies_DVDs , Hulu 877-8244858 CA
Home_Lawn_Garden , Joywayus 2Pcs 5 8 Hose Barb Tee T 3 way Union Fitting Intersection Split Brass Water Fuel Air 
Entertainment_Movies_DVDs , Hulu 877-8244858 CA
Entertainment_Movies_DVDs , Hulu 877-8244858 CA
Entertainment_Movies_DVDs , Hulu 877-8244858 CA
Food_Dining_Groceries , Davids Fluoride Free Nano Hydroxyapatite Toothpaste for Remineralizing Enamel & Sensitive Relief Whi
Food_Dining_Groceries , SQ *SUPERIOR COFFEE RO
Travel_Vacation Food , SQ *HURON MOUNTAIN BAK
Food_Dining_Restaurants Andy , JIMMY JOHNS - 150
Food_Dining_Restaurants Andy , BRUEGGERSMOBILEAPP #79 763-592-2
Food_Dining_Groceries , HOLIDAY MARKET
Auto_Transport_Taxi , PAYPAL *UBER EATS
Home_Home Repairs , GREAT LAKES ACE HDWE   ROYAL OAK
Food_Dining_Restaurants , PANERA BREAD #600719 K ROSEVILLE
Food_Dining_Restaurants Andy , TST* BARRYS BAGELS - C
Health_Fitness_Pharmacy , CVS/PHARMACY #08023
Entertainment_Music , TST* THE MASONIC TEMPL
Food_Dining_Groceries , TST* THE OFFICE COFFEE
Food_Dining_Groceries , PELKIN'S SMOKEY MEAT M
Entertainment_Hobbies Andy , PAYPAL *FRITZING
Food_Dining_Groceries , SQ *JULIAN BROTHER'S B
Food_Dining_Restaurants Andy , McDonalds 3976         124-85439
Misc._Reimbursed Expense , AMAZON MKTPL*RS2R11S92
Food_Dining_Restaurants , PANERA BREAD #600707 O
Entertainment_Hobbies Andy , DEYUE breadboard Set Prototype Board  6 PCS 400 Pin Solderless Board Kit for Raspberry pi and Arduin
Health_Fitness_Doctor , MED*WILLIAM BEAUMONT H 248-577-9
Home_Home Repairs , GREAT LAKES ACE HDWE
Misc._Reimbursed Expense , AMZN Mktp US*MZ7112TM3
Travel_Vacation Food , COUSIN JENNY'S CORNISH TRAVERSE
Pets_Pet Food_Supplies , PETSMART # 1637        TROY
Food_Dining_Groceries , HOLLYWOOD SUPERMARKET
Food_Dining_Groceries , SQ *LIVE OAK COFFEEHOU Midland
Home_Home Supplies , SP WALKING LIGHTLY     124-89286
Health_Fitness_Pharmacy , WALGREENS #9079        MIDLAND
Shopping_Clothing , O'REILLY 3327
Food_Dining_Groceries , SQ *JULIAN BROTHER'S B
Entertainment_Movies_DVDs , PHOENIX THEATRES LAURE 248-390-7
Entertainment_Movies_DVDs , PHOENIX THEATRES LAURE 248-390-7
Food_Dining_Restaurants Andy , BRUEGGERSMOBILEAPP #79 763-592-2
Food_Dining_Restaurants , DEL TACO 1042
Food_Dining_Groceries , TST* BREAD BY CRISPELL
Food_Dining_Groceries , TST* BREAD BY CRISPELL
Food_Dining_Restaurants Cathy , MIDLAND CAFETERIA      989-839-3
Food_Dining_Groceries , SQ *JULIAN BROTHER'S B
Food_Dining_Restaurants Andy , BRUEGGERS_MOBILE
Food_Dining_Restaurants , PANERA BREAD #600663 K LIVONIA
Food_Dining_Restaurants , PANERA BREAD #601875 K CANTON
Misc._Reimbursed Expense , AMAZON MKTPL*R71B72TE1
Travel_Vacation Food , SQ *ESPRESSO BAY
Food_Dining_Restaurants Andy , CULVERS MADISON HEIGHT
Travel_Souvenir , SHIP STORE
Food_Dining_Groceries , PAPA JOES BIRMINGHAM   ROCHESTER
Home_Home Repairs , FRENTZ & SONS HARDWARE
Food_Dining_Groceries , HOLLYWOOD SUPERMARKET  ROYAL OAK
Food_Dining_Restaurants Andy , R & D TUBBYS INC
Food_Dining_Groceries , TST* BREAD BY CRISPELL ROYAL OAK
Food_Dining_Groceries , TST* BREAD BY CRISPELL Royal Oak
Food_Dining_Restaurants , PANERA BREAD #600663 P LIVONIA
Food_Dining_Groceries , TST* BREAD BY CRISPELL Royal Oak
Health_Fitness_Pharmacy , WALGREENS #4748        ROYAL OAK
Food_Dining_Groceries , WESTBORN MARKET 42367  BERKLEY
Food_Dining_Restaurants Cathy , MIDLAND CAFETERIA      989-839-3
Food_Dining_Groceries , HOLLYWOOD SUPERMARKET  ROYAL OAK
Food_Dining_Restaurants , PANERA BREAD #600707 O
Food_Dining_Restaurants , SHELL OIL 574417266QPS
Auto_Transport_Taxi , PAYPAL *UBER EATS
Food_Dining_Restaurants , FLYING J 668           SAGINAW
Food_Dining_Groceries , HOLLYWOOD SUPERMARKET  ROYAL OAK
Food_Dining_Restaurants , GOLDEN WHEAT
Food_Dining_Restaurants Andy , McDonalds 3976         124-85439
Food_Dining_Restaurants Andy , Subway 22751
Food_Dining_Restaurants Andy , Subway 22751
Food_Dining_Restaurants Andy , BRUEGGERSMOBILEAPP #79 763-592-2
Food_Dining_Restaurants Andy , BRUEGGERS_MOBILE
Food_Dining_Restaurants Andy , McDonalds 3976         124-85439
Food_Dining_Restaurants Andy , McDonalds 2291         124-85496
Food_Dining_Restaurants Andy , McDonalds 2291         124-85496
Food_Dining_Restaurants Andy , McDonalds 2291         124-85496
Food_Dining_Restaurants Andy , BURGER KING #5712
Entertainment_Movies_DVDs , PHOENIX THEATRES LAURE LIVONIA
Travel_Souvenir , GATEWAY GIFTS
Food_Dining_Groceries , TST*BREAD BY CRISPELLI
Health_Fitness_Pharmacy , RITE AID 04492         ROYAL OAK
Food_Dining_Restaurants , PANERA BREAD #600707 O
Travel_Vacation Food , SQ *HURON MOUNTAIN BAK Marquette
Food_Dining_Restaurants , PANERA BREAD #600707 O
Health_Fitness_Pharmacy , CVS/PHARMACY #08023    YPSILANTI
Travel_Vacation Food , NORTH SIDE MEMORIES
Auto_Transport_Entertainment , Privacycom ID: 626060084CO: PwP SXM*SIRIUSX NAME: 844 7718229 Number: 021115081233689 Withdrawal Ele
Auto_Transport_Entertainment , Privacycom ID: 626060084CO: PwP SXM*SIRIUSX NAME: 844 7718229 Number: 021115081081192 PwP  SXM*SIRIU
Auto_Transport_Entertainment , Privacycom ID: 626060084CO: PwP SXM*SIRIUSX NAME: 844 7718229 Number: 021115081457006 PwP  SXM*SIRIU
Auto_Transport_Entertainment , Privacycom ID: 626060084CO: PwP SXM*SIRIUSX NAME: 844 7718229 Number: 021115081829001 PwP  SXM*SIRIU
Auto_Transport_Entertainment , Privacycom ID: 626060084CO: PwP SXM*SIRIUSX NAME: 844 7718229 Number: 021115083698802 Withdrawal Ele
Auto_Transport_Entertainment , Privacycom ID: 626060084CO: PwP SXM*SIRIUSX NAME: 844 7718229 Number: 021115089335328 Withdrawal Ele
Auto_Transport_Entertainment , Privacycom ID: 626060084CO: PwP SXM*SIRIUSX NAME: 844 7718229 Number: 021115084663550 Withdrawal Ele
Entertainment_Movies_DVDs , Privacycom ID: 626060084CO: PwP PARAMOUNT+ NAME: 844 7718229 Number: 021115083995700 Withdrawal Elec
Entertainment_Movies_DVDs , Privacycom ID: 626060084CO: PwP PARAMOUNT+ NAME: 844 7718229 Number: 021115085773234 Withdrawal Elec
Entertainment_Movies_DVDs , Privacycom ID: 626060084CO: PwP PARAMOUNT+ NAME: 844 7718229 Number: 021115081243159 Withdrawal Elec
Gifts_Donations_Charity , Alinan 5pcs Button Battery Holder Coin Cell Battery Holder with Switch CR2032 1 X 3V Battery Holder 
Entertainment_Hobbies Andy , kaverme 3PCS Precision Tweezers Set Upgraded AntiStatic Stainless Steel of Tweezers for Electronics 
Entertainment_Movies_DVDs , Privacycom ID: 626060084CO: PwP PARAMOUNT+ NAME: 844 7718229 Number: 021115083665999 Withdrawal Elec
Entertainment_Movies_DVDs , Privacycom ID: 626060084CO: PwP PARAMOUNT+ NAME: 844 7718229 Number: 021115081764966 Withdrawal Elec
Entertainment_Movies_DVDs , Privacycom ID: 626060084CO: PwP PARAMOUNT+ NAME: 844 7718229 Number: 021115088853667 Withdrawal Elec
Entertainment_Movies_DVDs , Privacycom ID: 626060084CO: PwP PARAMOUNT+ NAME: 844 7718229 Number: 021115082891919 Withdrawal Elec
Cash_ATM , Withdrawal Choice Check Fee
Cash_ATM , Withdrawal Choice Check Fee
Cash_ATM , Withdrawal Choice Check Fee
Fees_Charges_Bank Fee , Withdrawal Choice Check Fee
Fees_Charges_Bank Fee , Withdrawal Choice Check Fee
Fees_Charges_Bank Fee , Withdrawal Choice Check Fee
Fees_Charges_Bank Fee , Fees
Fees_Charges_Bank Fee , Withdrawal Choice Check Fee
Food_Dining_Restaurants Andy , McDonalds 2291         124-85496
Home_Office , USPS KIOSK 2582309550  ROYAL OAK
Food_Dining_Restaurants , SHELL OIL 52161800017  MIDLAND
Food_Dining_Restaurants , PANERA BREAD #600663 K LIVONIA
Health_Fitness_Pharmacy , CVS/PHARMACY #08068
Food_Dining_Restaurants , FLYING J 668           SAGINAW
Food_Dining_Restaurants Andy , Privacycom ID: 626060084CO: PwP VENMO *BUR NAME: 844 7718229 Number: 021115082305782 PwP  VENMO  *BU
Misc._Reimbursed Expense , AMZN Mktp US*4N1D64OC3
Food_Dining_Restaurants Cathy , SQ *JAVA STOP LLC      Midland
Food_Dining_Restaurants , GOLDEN WHEAT
Food_Dining_Restaurants , GOLDEN WHEAT           WARREN
Food_Dining_Restaurants , GOLDEN WHEAT
Home_Office , USPS PO 2582300101     ROYAL OAK
Food_Dining_Restaurants , PANERA BREAD #600707 O
Food_Dining_Restaurants , PANERA BREAD #600707 O
Food_Dining_Groceries , TST* THE OFFICE COFFEE
Food_Dining_Restaurants , SPEEDWAY 08709 AUBURN  AUBURN
Travel_Auto Fuel , HOLIDAY STATIONS 0076
Misc._Reimbursed Expense , AMAZON MKTPL*RS3276LR0
Food_Dining_Restaurants Andy , McDonalds 2291         124-85496
Travel_Vacation Food , SQ *HUDDLE SOFT SERVE
Food_Dining_Groceries , TST* THE OFFICE COFFEE
Health_Fitness_Pharmacy , WALGREENS #5426
Food_Dining_Restaurants Andy , TST* BARRYS BAGELS - C
Food_Dining_Restaurants Andy , JIMMY JOHNS - 150
Entertainment_Hobbies Andy , GOOGLE *ODoggy         855-836-3
Food_Dining_Groceries , PAPA JOES BEAUMONT     ROYAL OAK
Gifts_Donations_Charity , Adafruit NPN Bipolar Transistors PN2222  10 pack [ADA756]
Food_Dining_Restaurants , TOUS LES JOURS TROY    TROY
Travel_Vacation Food , PETOSKEY PRETZEL-TRAVE
Cash_ATM , Privacycom ID: 626060084CO: PwP DPTV Detroi NAME: 844 7718229 Number: 021115089106956 Withdrawal Ele
Gifts_Donations_Charity , Privacycom ID: 626060084CO: PwP DPTV Detroi NAME: 844 7718229 Number: 021115081152459 PwP  DPTV Detr
Entertainment_Movies_DVDs , Privacycom ID: 626060084CO: PwP Detroit PBS NAME: 844 7718229 Number: 021115081103624 PwP  Detroit P
Entertainment_Movies_DVDs , Privacycom ID: 626060084CO: PwP Detroit PBS NAME: 844 7718229 Number: 021115081019002 PwP  Detroit P
Pets_Pet Boarding , THE BARKSHIRE          248-792-9
Entertainment_Hobbies Andy , PAYPAL *I3 DETROIT
Entertainment_Movies_DVDs , Privacycom ID: 626060084CO: PwP Detroit PBS NAME: 844 7718229 Number: 021115087487060 PwP  Detroit P
Pets_Pet Boarding , THE BARKSHIRE          248-792-9
Entertainment_Movies_DVDs , Privacycom ID: 626060084CO: PwP Detroit PBS NAME: 844 7718229 Number: 021115081220468 PwP  Detroit P
Food_Dining_Groceries , HOLIDAY MARKET         ROYAL OAK
Food_Dining_Restaurants , DD *DOORDASHDASHPASS
Food_Dining_Restaurants , DD *DOORDASHDASHPASS
Gifts_Donations_Charity , Privacycom ID: 626060084CO: PwP DPTV Detroi NAME: 844 7718229 Number: 021115085518653 Withdrawal Ele
Food_Dining_Restaurants , SUNOCO 0639015700      BERKLEY
Health_Fitness_Doctor , MED*WILLIAM BEAUMONT H 248-577-9
Gifts_Donations_Charity , Privacycom ID: 626060084CO: PwP DPTV Detroi NAME: 844 7718229 Number: 021115081622148 PwP  DPTV Detr
Food_Dining_Restaurants Andy , TST* GIVE THANKS BAKER
Food_Dining_Groceries , TST* THE OFFICE COFFEE
Food_Dining_Restaurants Andy , TST* THE OFFICE COFFEE
Food_Dining_Restaurants Andy , McDonalds 3976         124-85439
Home_Office , Scotch Sure Start Shipping Packaging Tape 188 x 546 yd Designed for Packing Shipping and Mailing Qui
Food_Dining_Restaurants Andy , SQ *DOCR ROYAL OAK
Food_Dining_Restaurants Andy , BRUEGGERSMOBILEAPP #79 763-592-2
Food_Dining_Restaurants Andy , BRUEGGERS_MOBILE
Food_Dining_Restaurants Andy , Privacycom ID: 626060084CO: PwP VENMO *BUR NAME: 844 7718229 Number: 021115089395014 PwP  VENMO  *BU
Food_Dining_Restaurants Cathy , SQ *JAVA STOP LLC      Midland
Food_Dining_Restaurants Andy , TST* BARRYS BAGELS - C
Health_Fitness_Pharmacy , WALGREENS #5426
Food_Dining_Groceries , WWW.COFFEEANDBARKMI.CO
Food_Dining_Restaurants , PANERA BREAD #600707 O
Food_Dining_Restaurants , PANERA BREAD #600707 O
Food_Dining_Restaurants , PANERA BREAD #600707 O
Food_Dining_Groceries , TST* BREAD BY CRISPELL ROYAL OAK
Home_Home Repairs , FRENTZ & SONS HARDWARE ROYAL OAK
Food_Dining_Restaurants , PANERA BREAD #600707 O
Health_Fitness_Pharmacy , WALGREENS #5426
Food_Dining_Restaurants Andy , TST*GIVE THANKS BAKERY Royal Oak
Food_Dining_Restaurants Cathy , PEEL 'N PARE           MIDLAND
Home_Home Repairs , FRENTZ & SONS HARDWARE ROYAL OAK
Food_Dining_Restaurants Andy , McDonalds 39144        124-84147
Food_Dining_Restaurants , PANERA BREAD #600707 O
Food_Dining_Restaurants , PANERA BREAD #600707 O
Auto_Transport_Parking , CITY OF FERNDALE GOV
Food_Dining_Groceries , TST* BREAD BY CRISPELL Royal Oak
Home_Home Repairs , THE HOME DEPOT #2704   NORTHVILL
Food_Dining_Restaurants Andy , TST* GIVE THANKS BAKER Royal Oak
Food_Dining_Restaurants , PANERA BREAD #600707 O
Food_Dining_Groceries , GFS STORE #1907        ROYAL OAK
Food_Dining_Restaurants Andy , TIM HORTONS #914775    LIVONIA
Food_Dining_Restaurants Andy , BRUEGGERSMOBILEAPP #79 763-592-2
Food_Dining_Groceries , TST* BREAD BY CRISPELL ROYAL OAK
Food_Dining_Groceries , TST* BREAD BY CRISPELL ROYAL OAK
Food_Dining_Groceries , TST*BREAD BY CRISPELLI Royal Oak
Cash_ATM , Privacycom ID: 626060084CO: PwP PANERA SIP NAME: 844 7718229 Number: 021115087940758 Withdrawal Elec
Food_Dining_Restaurants , Privacycom ID: 626060084CO: PwP PANERA SIP NAME: 844 7718229 Number: 021115081330183 Withdrawal Elec
Food_Dining_Restaurants Andy , BURGER KING #5712
Food_Dining_Restaurants Cathy , IKEA CANTON REST       CANTON
Food_Dining_Restaurants Andy , McDonalds 2291         124-85496
Food_Dining_Restaurants , PANERA BREAD #600707 K TROY
Health_Fitness_Pharmacy , CVS/PHARMACY #08068
Food_Dining_Restaurants Andy , TST* GIVE THANKS BAKER Royal Oak
Food_Dining_Restaurants Andy , TST* GIVE THANKS BAKER Royal Oak
Food_Dining_Restaurants , TST* GIVE THANKS BAKER Royal Oak
Home_Home Repairs , THE HOME DEPOT #2706
Food_Dining_Restaurants Cathy , RMCF TROY MI #50409    TROY
Food_Dining_Restaurants Cathy , RMCF TROY MI #50409    TROY
Food_Dining_Restaurants Cathy , SQ *AVIATOR COOKIE COM Midland
Health_Fitness_Pharmacy , CVS/PHARMACY #08165
Food_Dining_Restaurants Cathy , MODERN LEASING - MI B  DEWITT
Misc._Reimbursed Expense , AMAZON MKTPL*RS0443962
Food_Dining_Restaurants , SPEEDWAY 03626 BAY CIT BAY CITY
Food_Dining_Groceries , FRESH THYME #608       YPSILANTI
Food_Dining_Restaurants Andy , SQ *KAHVE  LLC
Food_Dining_Restaurants Andy , SQ *KAHVE  LLC
Food_Dining_Restaurants Andy , SQ *KAHVE  LLC
Food_Dining_Restaurants Andy , SQ *KAHVE  LLC
Food_Dining_Restaurants Andy , McDonalds 2291         124-85496
Food_Dining_Restaurants Andy , McDonalds 3976         124-85439
Food_Dining_Restaurants Andy , McDonalds 3976         124-85439
Food_Dining_Restaurants Andy , McDonalds 3976         124-85439
Food_Dining_Restaurants , PANERA BREAD #600707 O
Food_Dining_Restaurants Cathy , MODERN LEASING - MI B  BAY CITY
Food_Dining_Restaurants , MARATHON PETRO193383BU ROYAL OAK
Food_Dining_Restaurants , MARATHON PETRO193383BU
Food_Dining_Restaurants Andy , McDonalds 2291         124-85496
Food_Dining_Restaurants Andy , McDonalds 3976         124-85439
Food_Dining_Restaurants Andy , McDonalds 3976         124-85439
Food_Dining_Restaurants Andy , McDonalds 3976         124-85439
Home_Home Repairs , Lowes
Food_Dining_Restaurants Andy , McDonalds 3976         124-85439
Food_Dining_Restaurants Andy , McDonalds 3976         124-85439
Food_Dining_Restaurants Andy , McDonalds 2291         124-85496
Food_Dining_Restaurants Andy , PAYPAL *BURGER KING #5712
Food_Dining_Restaurants Andy , BRUEGGERSMOBILEAPP #79 763-592-2
Food_Dining_Restaurants Andy , McDonalds 2291         124-85496
Entertainment_Hobbies Andy , PAYPAL *I3 DETROIT
Food_Dining_Restaurants , PANERA BREAD #600707 O
Food_Dining_Restaurants , PANERA BREAD #600707 O
Food_Dining_Restaurants , PANERA BREAD #600707 O
Entertainment_Hobbies Andy , PAYPAL *I3 DETROIT
Entertainment_Hobbies Andy , PAYPAL *I3 DETROIT
Entertainment_Hobbies Andy , PAYPAL *I3 DETROIT
Food_Dining_Restaurants , PANERA BREAD #600707 O
Entertainment_Movies_DVDs , Privacycom ID: 626060084CO: PwP Peacock 1F0 NAME: 844 7718229 Number: 021115081209161 Withdrawal Ele
Entertainment_Movies_DVDs , Privacycom ID: 626060084CO: PwP Peacock CA7 NAME: 844 7718229 Number: 021115084657144 PwP  Peacock C
Entertainment_Movies_DVDs , Privacycom ID: 626060084CO: PwP Peacock 2CE NAME: 844 7718229 Number: 021115081684047 Withdrawal Ele
Entertainment_Movies_DVDs , Privacycom ID: 626060084CO: PwP Peacock X24 NAME: 844 7718229 Number: 021115081627043 Withdrawal Ele
Entertainment_Movies_DVDs , Privacycom ID: 626060084CO: PwP Peacock BA3 NAME: 844 7718229 Number: 021115081178865 Withdrawal Ele
Entertainment_Movies_DVDs , Privacycom ID: 626060084CO: PwP Peacock X90 NAME: 844 7718229 Number: 021115081894823 Withdrawal Ele
Entertainment_Movies_DVDs , Privacycom ID: 626060084CO: PwP Peacock CE7 NAME: 844 7718229 Number: 021115085289985 Withdrawal Ele
Entertainment_Movies_DVDs , Privacycom ID: 626060084CO: PwP Peacock FCF NAME: 844 7718229 Number: 021115085416944 Withdrawal Ele
Food_Dining_Restaurants Andy , McDonalds 3976         124-85439
NoMatch , MODERN LEASING - MI B
Food_Dining_Groceries , WWW.COFFEEANDBARKMI.CO
Travel_Vacation Food , KWIK TRIP #1183
Food_Dining_Restaurants , PANERA BREAD #600707 O
Entertainment_Hobbies Andy , PAYPAL *I3 DETROIT
Travel_Hotel , THE SIREN HOTEL        DETROIT
Misc._Reimbursed Expense , AMZN Mktp US*R218G7DV0
Financial_Long Term Care Insurance , Long Term Care
Financial_Long Term Care Insurance , Long Term Care
Financial_Long Term Care Insurance , Long Term Care
Financial_Long Term Care Insurance , Long Term Care
Financial_Long Term Care Insurance , Long Term Care
Income_Interest , Dividend
Income_Interest , Dividend
Income_Interest , Dividend
Income_Interest , Dividend
Income_Interest , Dividend
Income_Interest , Dividend
Income_Interest , Annual Percentage Yield Earned From Through Tiered Rate
Income_Interest , Dividend
Personal Care_Misc , Cash-back deal 'Ulta Beauty (Non
Personal Care_Misc , Cash-back deal 'Ulta Beauty (Non
Shopping_Clothing , EDDIEBAUER ECOMMERCE   425-755-6
Entertainment_Hobbies Andy , HiLetgo 100pcs 5528 Light Dependent Resistor LDR 5MM Photoresistor Photoconductive Resistance for Ar
Entertainment_Hobbies Andy , MCP23017 I2C GPIO Expander Breakout  Stemma QT   Qwiic Ada 5346
Shopping_Clothing , EDDIEBAUER ECOMMERCE   425-755-6
Food_Dining_Groceries , MIDTOWN COMPOSTING
Food_Dining_Groceries , MIDTOWN COMPOSTING
Food_Dining_Groceries , MIDTOWN COMPOSTING
Food_Dining_Groceries , MIDTOWN COMPOSTING
Food_Dining_Groceries , MIDTOWN COMPOSTING
Food_Dining_Groceries , MIDTOWN COMPOSTING
Food_Dining_Groceries , MIDTOWN COMPOSTING
Bills_Utilities_Mobile Phone , Schwab Brokerage
Bills_Utilities_Mobile Phone , Schwab Brokerage
Bills_Utilities_Mobile Phone , Schwab Brokerage
Transfer , Schwab Brokerage Beth Mobile
Bills_Utilities_Mobile Phone , Schwab Brokerage
Bills_Utilities_Mobile Phone , Schwab Brokerage
Bills_Utilities_Mobile Phone , Schwab Brokerage
Bills_Utilities_Mobile Phone , Schwab Brokerage
Gifts_Donations_Gift , SP SAXELBY CHEESE      HTTPSSAXE
Shopping_Clothing , EDDIEBAUER ECOMMERCE   425-755-6
Health_Fitness_Doctor , Midwest Cntr For Derm
Pets_Pet Boarding , THE BARKSHIRE          TROY
Transfer , Check Received 16698 Deposit
Entertainment_Newspaper_Magazines , From Lenhart Andrew Sharethe Economist Class Action Settlement No Description
Health_Fitness_Health Insurance , Via Benefits
Health_Fitness_Health Insurance , Via Benefits
Health_Fitness_Health Insurance , Via Benefits
Health_Fitness_Health Insurance , Via Benefits
Health_Fitness_Health Insurance , Via Benefits
Transfer , From NELSONCATHERIN  ShareTransfer to Andy for Virtual CardPurchases 1 Time No Description
Transfer , From NELSONCATHERIN  ShareTransfer to Andy for Virtual CardPurchases No Description
Transfer , From NELSONCATHERIN  ShareTransfer to Andy for Virtual CardPurchases Deposit Transfer
Transfer , From NELSONCATHERIN  ShareTransfer to Andy for Virtual CardPurchases Deposit Transfer
Transfer , From NELSONCATHERIN  ShareTransfer to Andy for Virtual CardPurchases No Description
Transfer , From NELSONCATHERIN  ShareTransfer to Andy for Virtual CardPurchases No Description
Misc._Reimbursed Expense , From NELSONCATHERIN  ShareTransfer to Andy for Virtual CardPurchases No Description
Misc._Reimbursed Expense , From NELSONCATHERIN  ShareTransfer to Andy for Virtual CardPurchases No Description
Bills_Utilities_Mobile Phone , Edep Hold Release Deposit Anna Mobile Phone Bill
Home_Lawn_Garden , Check Deposit RainSmart Rebate
Income_Pension Andy , Fidelity  LEVEL BENEFIT
Transfer , From Lenhart Andrew Share Autodesk Fusion 360
Health_Fitness_HSA Deposit , Plan Distr Data Pretax Benefit Transco Bank of America Name Deposit Elect
Bills_Utilities_Credit Card Payment , AUTOMATIC PAYMENT - THANK
Tax_State , State of Michigan
Account Transfer , Vet Bill Buddy Annual and Xray From Share
Bills_Utilities_Credit Card Payment , AUTOMATIC PAYMENT - THANK
Entertainment_Hobbies Andy , From Lenhart Andrew Shareonline Money Transfer No Description
Bills_Utilities_Credit Card Payment , AUTOMATIC PAYMENT - THANK
Bills_Utilities_Credit Card Payment , AUTOMATIC PAYMENT - THANK
Income_Andrew J Lenhart Trust , Check Deposit Andrew B Lenhart Trust
Transfer ABL Trust , From NELSONCATHERIN  Share 0080 ABL Trust
Bills_Utilities_Credit Card Payment , CAPITAL ONE AUTOPAY PYMT
Bills_Utilities_Credit Card Payment , AUTOMATIC PAYMENT - THANK
Bills_Utilities_Credit Card Payment , AUTOMATIC PAYMENT - THANK
Bills_Utilities_Credit Card Payment , CAPITAL ONE AUTOPAY PYMT
Income_Pension Cathy , Fca
Income_Pension Cathy , Fca
Bills_Utilities_Credit Card Payment , AUTOMATIC PAYMENT - THANK
Bills_Utilities_Credit Card Payment , CAPITAL ONE AUTOPAY PYMT
Income_Pension Cathy , Fca
Income_Pension Cathy , Fca
Income_Pension Cathy , Fca
Income_Pension Cathy , Fca
Bills_Utilities_Credit Card Payment , AUTOMATIC PAYMENT - THANK
Income_Pension Cathy , Fca
Income_Pension Cathy , Fca
Bills_Utilities_Credit Card Payment , CAPITAL ONE AUTOPAY PYMT
Bills_Utilities_Credit Card Payment , CAPITAL ONE AUTOPAY PYMT
Income_401k Cathy , Merrill Lynch
Income_401k Cathy , Merrill Lynch
Income_401k Cathy , Merrill Lynch
Income_401k Cathy , Merrill Lynch
Income_401k Cathy , Merrill Lynch
Income_401k Cathy , Merrill Lynch
Income_401k Cathy , Merrill Lynch
Income_401k Cathy , Merrill Lynch
Income_Pension Andy , Fidelity
Income_Pension Andy , Fidelity
Income_Pension Andy , Fidelity
Income_Pension Andy , Fidelity
Income_Pension Andy , Fidelity
Income_Pension Andy , Fidelity
Income_Pension Andy , Fidelity
Income_Pension Andy , Fidelity
Income_401k Andy , Fidelity
Income_401k Andy , Fidelity
Income_401k Andy , Fidelity
Bills_Utilities_Credit Card Payment , CAPITAL ONE AUTOPAY PYMT
Bills_Utilities_Credit Card Payment , CAPITAL ONE AUTOPAY PYMT
Bills_Utilities_Credit Card Payment , PAYMENT   THANK YOU
Bills_Utilities_Credit Card Payment , PAYMENT   THANK YOU
Bills_Utilities_Credit Card Payment , PAYMENT   THANK YOU
Bills_Utilities_Credit Card Payment , CAPITAL ONE AUTOPAY PYMT
Income_401k Andy , Fidelity 401k
Income_401k Andy , Fidelity
Income_401k Andy , Fidelity
Income_401k Andy , Fidelity
Income_401k Andy , Fidelity
Bills_Utilities_Credit Card Payment , PAYMENT   THANK YOU
Bills_Utilities_Credit Card Payment , PAYMENT   THANK YOU
Bills_Utilities_Credit Card Payment , PAYMENT   THANK YOU
Bills_Utilities_Credit Card Payment , PAYMENT   THANK YOU
Tax_Fed , Federal Tax Refund
Bills_Utilities_Credit Card Payment , PAYMENT   THANK YOU
